Image_id,blast,brown,healthy
id_00vl5wvxq3.jpg,0.00929801631718874,0.0010379193117842078,0.9896640181541443
id_01hu05mtch.jpg,0.001224314677529037,0.5097475051879883,0.48902812600135803
id_030ln10ewn.jpg,0.0020210854709148407,0.2817375957965851,0.7162413001060486
id_03z57m8xht.jpg,0.001759388018399477,0.0004883632063865662,0.9977522492408752
id_04ngep1w4b.jpg,0.00044658215483650565,0.006305423099547625,0.9932479858398438
id_050c6jzczt.jpg,0.0008403134415857494,0.8648520112037659,0.1343076527118683
id_062s7kr3jp.jpg,0.0017427228158339858,0.03671637177467346,0.961540937423706
id_066v0v19bm.jpg,0.0010161168174818158,0.005930561572313309,0.9930533766746521
id_07v2dwvq17.jpg,0.0025951170828193426,0.0668395534157753,0.9305652976036072
id_084yoijkju.jpg,0.0010737060802057385,0.005295574199408293,0.9936307072639465
id_089nmtd1v0.jpg,0.0013091820292174816,0.061219800263643265,0.9374710321426392
id_0ane7k90m0.jpg,0.0017064560670405626,0.034783169627189636,0.9635103344917297
id_0e7wk9uzq3.jpg,0.003559603588655591,0.1506701111793518,0.8457702994346619
id_0f43lwh2ve.jpg,0.002674822462722659,0.5395247340202332,0.4578005075454712
id_0gutmn510g.jpg,0.0012652126606553793,0.04965956136584282,0.9490752220153809
id_0ivqysjaf3.jpg,0.0023193710949271917,0.045070573687553406,0.9526100754737854
id_0jv00ddllp.jpg,0.0010252950014546514,0.0009140581241808832,0.9980605244636536
id_0jvgjlu6db.jpg,0.0006272729369811714,0.008144411258399487,0.9912282228469849
id_0kb1k9p3ox.jpg,0.000797661894466728,0.0933728739619255,0.9058294892311096
id_0ptdk3a5vq.jpg,0.001515928073786199,0.6401385068893433,0.35834550857543945
id_0r2hdgahag.jpg,0.002100819954648614,0.27859196066856384,0.7193071842193604
id_0rye0m9k8n.jpg,0.00037076204898767173,0.0056175668723881245,0.9940117001533508
id_0s71zmqgab.jpg,0.0011307067470625043,0.032346323132514954,0.9665229320526123
id_0s8jfre56d.jpg,0.0015054683899506927,0.09049689024686813,0.9079976677894592
id_0s8p3xe7ox.jpg,0.001516056596301496,0.8188217878341675,0.17966213822364807
id_0sfi1usm7o.jpg,0.0017441040836274624,0.3828631341457367,0.615392804145813
id_0sj2nj0iv8.jpg,0.002624718239530921,0.447120726108551,0.5502545833587646
id_0sk77pcna4.jpg,0.0016392616089433432,0.03769230470061302,0.9606684446334839
id_0u5yyljlni.jpg,0.0008624396286904812,0.9225784540176392,0.07655912637710571
id_0wmuruj6vc.jpg,0.0018627024255692959,0.031676191836595535,0.9664611220359802
id_0x8ufanyyl.jpg,0.0005330905551090837,0.0005405072588473558,0.9989263415336609
id_0zmihf5mrh.jpg,0.0017313703428953886,0.6253314018249512,0.37293729186058044
id_102rthzp5d.jpg,0.00018322706455364823,0.9970362186431885,0.0027805822901427746
id_10jv6d35ge.jpg,0.0029152792412787676,0.004865965340286493,0.9922187328338623
id_10wvvleobw.jpg,0.003347075544297695,0.003216253826394677,0.9934366345405579
id_12exehmn04.jpg,0.001640833797864616,0.024091798812150955,0.9742674231529236
id_12sbto2xb5.jpg,0.000550810422282666,0.01114665437489748,0.9883025288581848
id_15kgdxivta.jpg,0.000639301841147244,0.14218613505363464,0.8571745753288269
id_16cw42588b.jpg,0.002716630697250366,0.3076334595680237,0.6896499395370483
id_172v32sjrd.jpg,0.0022470480762422085,0.23490147292613983,0.7628514766693115
id_185nae1uwe.jpg,0.0006227299454621971,0.007394777145236731,0.9919825196266174
id_18dbof864z.jpg,0.0008418602519668639,0.0031624631956219673,0.9959957599639893
id_18gc0uojou.jpg,0.0034740217961370945,0.1909380555152893,0.8055879473686218
id_18tvychr6u.jpg,0.0006252892198972404,0.05525066331028938,0.9441240429878235
id_1abk7wnlia.jpg,0.001191990333609283,0.0017085338477045298,0.9970995187759399
id_1b75oukcu7.jpg,0.0032262769527733326,0.08672532439231873,0.9100484251976013
id_1biitp0gbc.jpg,0.00023984230938367546,0.9978541731834412,0.0019059268524870276
id_1bwteyjgef.jpg,0.001636657863855362,0.0637492686510086,0.9346140623092651
id_1cgkf5k10j.jpg,0.001478795544244349,0.0007943204836919904,0.9977269768714905
id_1faueyfqyx.jpg,0.0029127371963113546,0.7019068002700806,0.2951804995536804
id_1gkr07e0kd.jpg,0.003444391069933772,0.3347949683666229,0.661760687828064
id_1gn0og83mi.jpg,0.0034108194522559643,0.6025417447090149,0.39404746890068054
id_1gxrc02que.jpg,0.0017164364689961076,0.14358599483966827,0.854697585105896
id_1i4c79c9ji.jpg,0.0005297999596223235,0.0016548774437978864,0.9978152513504028
id_1i5v2j4sax.jpg,0.0011715011205524206,0.49314120411872864,0.5056873559951782
id_1j1edjfd4f.jpg,0.002664978615939617,0.8227977156639099,0.17453725636005402
id_1jex1cbzqz.jpg,0.0021548080258071423,0.1058511808514595,0.8919939398765564
id_1jklgpd8d6.jpg,0.003759232582524419,0.4452524483203888,0.5509883165359497
id_1krj65y404.jpg,0.0006935601704753935,0.017759814858436584,0.9815466403961182
id_1m6n769g91.jpg,0.0020966692827641964,0.31760406494140625,0.6802992224693298
id_1nfivdxg3k.jpg,0.0012336225481703877,0.031179429963231087,0.9675869345664978
id_1nrkalt5m2.jpg,0.0009913507383316755,0.0570296049118042,0.9419790506362915
id_1p26yf26ad.jpg,0.0010698605328798294,0.01863449066877365,0.980295717716217
id_1phhaetwp0.jpg,0.0011122351279482245,0.32235443592071533,0.6765334010124207
id_1q5254vwyn.jpg,0.003519123885780573,0.006119112949818373,0.9903618097305298
id_1s51xf1hzi.jpg,0.0016771163791418076,0.0011869563022628427,0.9971358776092529
id_1sju9mce8x.jpg,0.004524592775851488,0.5306132435798645,0.464862197637558
id_1sobp25gqr.jpg,0.0029145581647753716,0.09953345358371735,0.8975520133972168
id_1tajvlo77s.jpg,0.0011630125809460878,0.0007659389520995319,0.998071014881134
id_1uoy9y28ci.jpg,0.001761661027558148,0.8004270792007446,0.1978112757205963
id_1w1zx50ks3.jpg,0.0010659159161150455,0.039496149867773056,0.9594378471374512
id_1wkzflxkh6.jpg,0.001173321739770472,0.009179848246276379,0.9896467328071594
id_1xohzz86kf.jpg,0.0006463698809966445,0.03510311618447304,0.9642505049705505
id_1y0zncmgqb.jpg,0.0006972617702558637,0.01936335675418377,0.979939341545105
id_1y37qz4ry0.jpg,0.0028074770234525204,0.08573278784751892,0.9114596843719482
id_1yrozih525.jpg,0.0012101199245080352,0.6721177101135254,0.32667213678359985
id_1yzlxwmbtw.jpg,0.0015529912197962403,0.9629725813865662,0.03547444939613342
id_1zyv1iq9ke.jpg,0.001418889150954783,0.3464280664920807,0.6521530151367188
id_202qmgptos.jpg,0.004878839943557978,0.6417275071144104,0.3533936142921448
id_20jy1dng9w.jpg,0.0031992453150451183,0.08806837350130081,0.9087322950363159
id_20lxhltxfh.jpg,0.0009669457213021815,0.04890865832567215,0.9501244425773621
id_222sm7fvpz.jpg,0.004417785443365574,0.5476014018058777,0.4479807913303375
id_22xrmf5o43.jpg,0.0006387046305462718,0.0014398142229765654,0.9979215264320374
id_23frz85y4q.jpg,0.003791429568082094,0.18545304238796234,0.8107554912567139
id_2429vw33is.jpg,0.003332706866785884,0.5298476815223694,0.4668196141719818
id_244q5yfpok.jpg,0.0006650734576396644,0.0016227209707722068,0.9977121353149414
id_25b366alwi.jpg,0.0017733520362526178,0.010051327757537365,0.9881752729415894
id_2634btzlwa.jpg,0.0014269871171563864,0.044874001294374466,0.9536989331245422
id_29147ujazi.jpg,0.0029365294612944126,0.10917478054761887,0.8878886699676514
id_29ua75zqlo.jpg,0.0018116750288754702,0.07305212318897247,0.9251362085342407
id_2btc6aaiul.jpg,0.0014597660629078746,0.8996855020523071,0.09885470569133759
id_2dc984fdle.jpg,0.0007298781420104206,0.02210012450814247,0.977169930934906
id_2e6287ty0v.jpg,0.00039322389056906104,0.010121753439307213,0.989484965801239
id_2f0o0mfu1g.jpg,0.0019463123753666878,0.005982907023280859,0.9920708537101746
id_2fljyfm5he.jpg,0.0009651397704146802,0.042564455419778824,0.9564704298973083
id_2ifmsk6xpl.jpg,0.0006835664971731603,0.013497739098966122,0.9858186841011047
id_2ku67cg3ud.jpg,0.0027676112949848175,0.6937694549560547,0.303462952375412
id_2nmj22clly.jpg,0.013728663325309753,0.005285131279379129,0.9809861779212952
id_2o6mpuqjj6.jpg,0.00081289914669469,0.0010550718288868666,0.998132050037384
id_2pybialww7.jpg,0.0006984194624237716,0.956603467464447,0.04269813001155853
id_2q6g4ubcn3.jpg,0.0015363318379968405,0.005250993184745312,0.9932125806808472
id_2uahvm6nlz.jpg,0.0020898550283163786,0.006739774718880653,0.9911704063415527
id_2y87y866kh.jpg,0.0007234681397676468,0.022994916886091232,0.9762816429138184
id_2z9iw7acwj.jpg,0.0008789711282588542,0.018580138683319092,0.9805408120155334
id_321v8nul8r.jpg,0.0010240491246804595,0.009117627516388893,0.9898583292961121
id_32dfq1f0fz.jpg,0.002316385507583618,0.33961477875709534,0.6580687761306763
id_349dssqmyx.jpg,0.002458656905218959,0.27767518162727356,0.719866156578064
id_3501x49zk6.jpg,0.0028837211430072784,0.6631648540496826,0.33395150303840637
id_35n9wtfzvj.jpg,0.0015076515264809132,0.035271864384412766,0.963220477104187
id_37dlaohacg.jpg,0.001213821116834879,0.20609015226364136,0.7926960587501526
id_38fgveupp6.jpg,0.0005986836622469127,0.9849774837493896,0.014423876069486141
id_393toqusi5.jpg,0.0024685165844857693,0.07395178079605103,0.9235796332359314
id_398iuyjuiw.jpg,0.0016167480498552322,0.0597931332886219,0.9385901093482971
id_3aw1x3lp00.jpg,0.001220077509060502,0.031940072774887085,0.9668398499488831
id_3azjbcsaoz.jpg,0.0011700515169650316,0.028433969244360924,0.9703959226608276
id_3b3ittba4m.jpg,0.0008995188400149345,0.0019470526603981853,0.9971534013748169
id_3bpvokar6a.jpg,0.0004497623012866825,0.003816817654296756,0.9957334399223328
id_3bzlx5zdtc.jpg,0.0006052053649909794,0.9902397394180298,0.009155010804533958
id_3eis2hodjf.jpg,0.001236498705111444,0.008612687699496746,0.9901508092880249
id_3erzt7e8go.jpg,0.0001638894755160436,0.0028102027717977762,0.9970259070396423
id_3ffiga0dbm.jpg,0.0036201784387230873,0.5287863612174988,0.4675934612751007
id_3hax4hkblt.jpg,0.0013041227357462049,0.042929910123348236,0.955765962600708
id_3hb0jpd195.jpg,0.0015538574662059546,0.8829847574234009,0.11546137928962708
id_3k3bngsb0x.jpg,0.0032997208181768656,0.38213661313056946,0.6145636439323425
id_3o0cliy66y.jpg,0.002991114044561982,0.08364894986152649,0.9133599996566772
id_3oz6lfl9zh.jpg,0.0027094068937003613,0.15047048032283783,0.8468201756477356
id_3pxyuwfequ.jpg,0.000736928719561547,0.0005497240927070379,0.9987133741378784
id_3q19pe5ap7.jpg,0.0003172889701090753,0.9891858696937561,0.010496767237782478
id_3u167skcbr.jpg,0.0006887725321575999,0.00010897518222918734,0.999202311038971
id_3u678if5sa.jpg,0.0006843949086032808,0.01706482470035553,0.9822507500648499
id_3utzbj8iwy.jpg,0.0014316285960376263,0.000456402514828369,0.9981119632720947
id_3v9lrv6wd1.jpg,0.0007905245875008404,0.019055264070630074,0.9801541566848755
id_3xxa7ein98.jpg,0.0006447557243518531,0.9875983595848083,0.011756867170333862
id_3yzntalbvj.jpg,0.0008591709774918854,0.1687285453081131,0.8304122686386108
id_3zpci62t81.jpg,0.001961533445864916,0.6271277070045471,0.37091073393821716
id_3zr7d0lxtp.jpg,0.0014596038963645697,0.09961692243814468,0.8989234566688538
id_40tq9ldy97.jpg,0.0005619455478154123,0.009024854749441147,0.9904131293296814
id_40x5h1zs7z.jpg,0.005665233824402094,0.3680047392845154,0.6263300180435181
id_4227oe5rcg.jpg,0.0015400350093841553,0.1111920177936554,0.8872679471969604
id_42eimytwax.jpg,0.0013656453229486942,0.9270823001861572,0.07155203819274902
id_46tn6xbbos.jpg,0.001335230190306902,0.1669413149356842,0.8317234516143799
id_46xhul3ffj.jpg,0.0018029548227787018,0.06400541961193085,0.9341915845870972
id_497layo6y6.jpg,0.0013585450360551476,0.0017833103192970157,0.9968581199645996
id_4b2kzejrzs.jpg,0.004120052792131901,0.5683022141456604,0.4275777339935303
id_4c0y67btx0.jpg,0.002066911431029439,0.0019005704671144485,0.9960324168205261
id_4c5fsx9t1g.jpg,0.0012323344126343727,0.016931384801864624,0.9818363189697266
id_4e4hrr1doy.jpg,0.0013403811026364565,0.9376128315925598,0.0610467791557312
id_4eokhx4xmu.jpg,0.0015154876746237278,0.9401504397392273,0.058334026485681534
id_4eqly7ghcb.jpg,0.0007420720066875219,0.007520124316215515,0.9917377829551697
id_4eyre09j24.jpg,0.0014767718967050314,0.07978497445583344,0.9187381863594055
id_4ghoez8b3q.jpg,0.0043460913002491,0.46462246775627136,0.5310314893722534
id_4hojjs1sqk.jpg,0.0024553968105465174,0.19330652058124542,0.8042380213737488
id_4i6zcdrwkr.jpg,0.002392480382695794,0.5528782606124878,0.4447292983531952
id_4jmwaj5c0z.jpg,0.0013238393003121018,0.7025693655014038,0.29610681533813477
id_4lowhbx63p.jpg,0.0028813292738050222,0.15235814452171326,0.844760537147522
id_4nvv0xethp.jpg,0.00016810688248369843,0.9978087544441223,0.002023150445893407
id_4p09jwrfcd.jpg,0.00023465439153369516,0.0020645945332944393,0.9977007508277893
id_4pa7clavwn.jpg,0.0009785714792087674,0.003273905022069812,0.9957475066184998
id_4rnqd1qmsb.jpg,0.0027020026464015245,0.024905681610107422,0.972392201423645
id_4t04covpzf.jpg,0.0007774569094181061,0.05440187081694603,0.9448206424713135
id_4vcmk255mj.jpg,0.0014633414102718234,0.0025948206894099712,0.9959418177604675
id_4veqvgf276.jpg,0.001487783738411963,0.08129525929689407,0.9172170162200928
id_4xqyedo4gz.jpg,0.0007919443305581808,0.0010066564427688718,0.9982013702392578
id_4yrf1ograd.jpg,0.002766186371445656,0.13831734657287598,0.8589165210723877
id_4zusywq1cj.jpg,0.0002857806102838367,0.0001387170923408121,0.9995755553245544
id_50uwy9lssr.jpg,0.0005359757924452424,0.001187578891403973,0.9982764720916748
id_510uss2kx6.jpg,0.0030934810638427734,0.009976761415600777,0.9869296550750732
id_566s519h3g.jpg,0.003740000305697322,0.45267772674560547,0.5435823202133179
id_56ig1njq37.jpg,0.0011774920858442783,0.13534513115882874,0.8634774088859558
id_584lgxnpb7.jpg,0.00013654182839673012,0.0024128765799105167,0.9974506497383118
id_58jg1k3s5r.jpg,0.0018935184925794601,0.18306198716163635,0.8150445222854614
id_5c0o7whkhv.jpg,0.0014348740223795176,0.10194235295057297,0.8966227769851685
id_5eilypqfff.jpg,0.0008043911657296121,0.9782822728157043,0.02091340348124504
id_5f20all309.jpg,0.0026024391409009695,0.3771260380744934,0.6202715039253235
id_5gn6rtfftv.jpg,0.00043859059223905206,0.0007467015529982746,0.9988147020339966
id_5gz27g2s4l.jpg,0.0021194196306169033,0.24728353321552277,0.7505970597267151
id_5ixtcjsmuz.jpg,0.001637390349060297,0.3023436367511749,0.6960190534591675
id_5k7qvp9fhc.jpg,0.002004393609240651,0.004336423706263304,0.9936591982841492
id_5k7vfi0zc5.jpg,0.0028422733303159475,0.004848454147577286,0.9923092126846313
id_5lo7l0y0vb.jpg,0.0014834522735327482,0.04893365129828453,0.9495829343795776
id_5lxm7mcsj2.jpg,0.0006580388289876282,0.9227789640426636,0.0765630230307579
id_5nkfatffwe.jpg,0.0010257818503305316,0.0044780815951526165,0.9944960474967957
id_5vqbqpw7qn.jpg,0.0014723828062415123,0.6680358052253723,0.3304917812347412
id_5w2fpqgby8.jpg,0.0006664756219834089,0.01480080559849739,0.9845326542854309
id_5wcv5ugwhx.jpg,0.0007936583715490997,0.026051679626107216,0.9731546640396118
id_5ylgl2empi.jpg,0.004053143784403801,0.0614151656627655,0.9345316886901855
id_60qaklh3mk.jpg,0.0016954167513176799,0.050950195640325546,0.9473543763160706
id_61cw521nxd.jpg,0.00044837480527348816,0.9915006160736084,0.008050947450101376
id_63btdfqcnj.jpg,0.001722289132885635,0.9442998170852661,0.05397794768214226
id_63pslknc7r.jpg,0.002427856670692563,0.004570649471133947,0.9930014610290527
id_63x62yn6ve.jpg,0.003481463063508272,0.6465749740600586,0.3499435484409332
id_648d4t1un5.jpg,0.0004929782589897513,0.013861093670129776,0.9856458306312561
id_64a66iflbg.jpg,0.0016238363459706306,0.007900267839431763,0.9904758334159851
id_64xo3an59r.jpg,0.0034159019123762846,0.10123822093009949,0.8953458666801453
id_6579czllj5.jpg,0.00116425147280097,0.01415494829416275,0.9846807718276978
id_65fiexheye.jpg,0.00028664502315223217,0.9920748472213745,0.007638493552803993
id_65igspysof.jpg,0.0011172255035489798,0.05209130793809891,0.946791410446167
id_66bnbmp7o7.jpg,0.0011934456415474415,0.02374120242893696,0.9750653505325317
id_66m9y7ilsm.jpg,0.001612887717783451,0.16349822282791138,0.8348888158798218
id_6bkgvuphbg.jpg,0.0018980220193043351,0.7676934599876404,0.23040850460529327
id_6bypvyv5vv.jpg,0.0010173928458243608,0.9608319997787476,0.0381506010890007
id_6c5hxxj9py.jpg,0.001669897697865963,0.835377037525177,0.16295307874679565
id_6eo3wokp04.jpg,0.0012716015335172415,0.023829633370041847,0.9748987555503845
id_6g7fz3ndtp.jpg,0.002064025029540062,0.028188113123178482,0.9697478413581848
id_6jcwemyxc9.jpg,0.000954385322984308,0.0010616823565214872,0.9979839324951172
id_6jkdvdcvp3.jpg,0.0008758561452850699,0.03798718377947807,0.961137056350708
id_6luuayw4ih.jpg,0.0008444394916296005,0.28331416845321655,0.7158413529396057
id_6mz1zd20su.jpg,0.0008512537460774183,0.032583341002464294,0.9665653705596924
id_6olr26yprl.jpg,0.00023322721244767308,0.9972184896469116,0.0025482585188001394
id_6ovjv98pi2.jpg,0.0013949732528999448,0.17099420726299286,0.8276108503341675
id_6r3skclu2k.jpg,0.0046815164387226105,0.16388081014156342,0.8314377069473267
id_6r8f1xh0cc.jpg,0.0016100875800475478,0.8707132339477539,0.12767663598060608
id_6rn80ow9sl.jpg,0.001269343658350408,0.14319942891597748,0.8555312752723694
id_6rpous9krp.jpg,0.0016649715835228562,0.059240758419036865,0.9390943050384521
id_6tjot777fk.jpg,0.0007637572707608342,0.007736379746347666,0.9914998412132263
id_6u4wgjbt95.jpg,0.002199304522946477,0.050238821655511856,0.9475618600845337
id_6vk6psro5s.jpg,0.0004326511116232723,0.9747075438499451,0.024859817698597908
id_6z1bp84py1.jpg,0.0007902288925834,0.9557453989982605,0.043464355170726776
id_700mwvc0vx.jpg,0.0021495737601071596,0.8578842878341675,0.13996611535549164
id_70oj3rugky.jpg,0.00037025296478532255,0.9780945181846619,0.02153528854250908
id_70qqvj0pii.jpg,0.001132469973526895,0.016895717009902,0.981971800327301
id_712bjojv2s.jpg,0.00024647440295666456,0.002911002142354846,0.9968425035476685
id_7287yu0tkw.jpg,0.0005943444557487965,0.0030283741652965546,0.9963772892951965
id_72ky4xkvsp.jpg,0.0015213573351502419,0.7375577688217163,0.26092085242271423
id_72zw6mjvgo.jpg,0.0009027969208545983,0.058623407036066055,0.940473735332489
id_73a9naiehr.jpg,0.0030491601210087538,0.4701544940471649,0.5267964005470276
id_74359q2hrc.jpg,0.0005972262006253004,0.030028725042939186,0.9693740010261536
id_74gu2zkoxj.jpg,0.0014283087803050876,0.018588010221719742,0.9799837470054626
id_74i7knnaa6.jpg,0.002150524640455842,0.23480398952960968,0.7630454897880554
id_74qvz0t4fy.jpg,0.0005361922667361796,0.0072274585254490376,0.992236316204071
id_74zd0jtvso.jpg,0.0006687830318696797,0.05961202085018158,0.9397191405296326
id_75pre3joob.jpg,0.0005229029920883477,0.15534552931785583,0.8441315293312073
id_75vovkuer9.jpg,0.0011134074302390218,0.014701105654239655,0.984185516834259
id_77ijc7wa3j.jpg,0.0016865605721250176,0.0753650814294815,0.92294842004776
id_78v1qy0me7.jpg,0.0010458974866196513,0.0009692783351056278,0.9979848861694336
id_792bgr58xm.jpg,0.0005536391399800777,0.0011865259148180485,0.9982598423957825
id_7966xv6p5i.jpg,0.002208941848948598,0.031209371984004974,0.9665815830230713
id_7b4zf930o7.jpg,0.0004050860006827861,0.007054043468087912,0.9925408363342285
id_7dx69pxq4g.jpg,0.0027515660040080547,0.020118165761232376,0.9771302938461304
id_7eso2apebc.jpg,0.00032905174884945154,0.00035155031946487725,0.9993194341659546
id_7gs7jffsdm.jpg,0.001793479546904564,0.004432865418493748,0.9937735795974731
id_7htglor42s.jpg,0.0017388368723914027,0.9096932411193848,0.08856793493032455
id_7ivw1rdt60.jpg,0.0020165678579360247,0.8762412667274475,0.12174222618341446
id_7j622hnfcq.jpg,0.0005281932535581291,0.003174862125888467,0.9962969422340393
id_7l69draumk.jpg,0.0004805575590580702,0.016486212611198425,0.9830332398414612
id_7mbzttiyjx.jpg,0.0013409687671810389,0.14729143679141998,0.8513675332069397
id_7mjwvizaz4.jpg,0.000521819805726409,0.0012664860114455223,0.9982117414474487
id_7nt5ym1rab.jpg,0.0018224456580355763,0.16064850986003876,0.8375291228294373
id_7nuvwqoznc.jpg,0.0018625594675540924,0.11083997040987015,0.887297511100769
id_7ox9hfrp2p.jpg,0.0027484986931085587,0.13462026417255402,0.8626312017440796
id_7piya8u1a5.jpg,0.002115212380886078,0.06334009766578674,0.9345447421073914
id_7qfre8d4gx.jpg,0.0003381033893674612,0.024686308577656746,0.9749755859375
id_7r73s15wdu.jpg,0.0011222807224839926,0.005192541982978582,0.9936851859092712
id_7rkfw0pgej.jpg,0.0011741651687771082,0.021815450862050056,0.9770104885101318
id_7sseaeewuh.jpg,0.0007065378013066947,0.039676375687122345,0.9596170783042908
id_7suxzhgr6k.jpg,0.0012645754031836987,0.9589289426803589,0.039806511253118515
id_7t4t4nuo1y.jpg,0.0027656913734972477,0.774095892906189,0.2231384515762329
id_7troz2ms9w.jpg,0.003091793041676283,0.2244480401277542,0.7724601030349731
id_7urr8falap.jpg,0.0007635970250703394,0.02846784144639969,0.9707686305046082
id_7wqwcmi8rt.jpg,0.0026828714180737734,0.7297365069389343,0.26758062839508057
id_7wukxcmpbd.jpg,0.0005405099946074188,0.0012075674021616578,0.9982518553733826
id_7wvj41qgu8.jpg,0.0005762987420894206,0.9201590418815613,0.07926458865404129
id_7y7kizouj3.jpg,0.0004610824107658118,0.00198480486869812,0.9975541234016418
id_7z7c7yav4z.jpg,0.001998253632336855,0.18629418313503265,0.8117075562477112
id_7zso8x5txl.jpg,0.004669226706027985,0.40208637714385986,0.5932443737983704
id_80uy76npvy.jpg,0.00016939936904236674,0.9968891739845276,0.0029414512682706118
id_8285wr8lqi.jpg,0.0019640419632196426,0.06137807294726372,0.9366579055786133
id_856sqmfzwg.jpg,0.00022904523939359933,0.9976375102996826,0.0021334332413971424
id_85x8auxsl3.jpg,0.0024525539483875036,0.39737722277641296,0.6001702547073364
id_890agl8zkx.jpg,0.0023448814172297716,0.12408517301082611,0.8735700249671936
id_8aximw3gbo.jpg,0.0011981733841821551,0.9547216296195984,0.0440802201628685
id_8c4pq31jju.jpg,0.0020487592555582523,0.10838567465543747,0.8895655274391174
id_8dbdn90bmg.jpg,0.0011299753095954657,0.9253068566322327,0.07356314361095428
id_8fbilb09da.jpg,0.001817425712943077,0.07025221735239029,0.9279303550720215
id_8gyccu6fn0.jpg,0.00028471110272221267,0.9942822456359863,0.005433019250631332
id_8h2vdiwjnf.jpg,0.0027971689123660326,0.07130468636751175,0.9258981943130493
id_8i3h5j0qqd.jpg,0.0009316175128333271,0.0046509564854204655,0.9944174289703369
id_8iwoos555d.jpg,0.000825161871034652,0.02347312681376934,0.9757016897201538
id_8j9vk5ljpd.jpg,0.003301729913800955,0.8661892414093018,0.13050898909568787
id_8jsjliuxmu.jpg,0.002523830160498619,0.035571176558732986,0.9619050025939941
id_8kctxkxhml.jpg,0.0005845261621288955,0.9741476774215698,0.02526780590415001
id_8km8v0obx1.jpg,0.00047328646178357303,0.014180509373545647,0.9853461980819702
id_8l7f4q4tfu.jpg,0.004802788607776165,0.0038790246471762657,0.9913181066513062
id_8mja6ti650.jpg,0.0003734339843504131,0.0551762580871582,0.9444502592086792
id_8nlg2xb2is.jpg,0.0006888957577757537,0.006270980462431908,0.9930402040481567
id_8o5a4nezxp.jpg,0.0021990707609802485,0.047867145389318466,0.9499338269233704
id_8odmdfi7iz.jpg,0.0030932514928281307,0.37768906354904175,0.6192176342010498
id_8oeekx1062.jpg,0.0014648622600361705,0.007639903575181961,0.9908952713012695
id_8qcbpzadoy.jpg,0.0039576818235218525,0.2203810214996338,0.775661289691925
id_8u35quh9ds.jpg,0.004967401269823313,0.005113949999213219,0.9899186491966248
id_8u7pccetfi.jpg,0.00018739234656095505,0.007052507251501083,0.992760181427002
id_8x569866pb.jpg,0.000911832379642874,0.000522411719430238,0.9985657334327698
id_8xkrg1bywr.jpg,0.00015007371257524937,0.9979254007339478,0.0019245127914473414
id_8ycgxgfq0k.jpg,0.0016506104730069637,0.74327152967453,0.2550778388977051
id_8yrscp6yel.jpg,0.0001179442333523184,0.9992868304252625,0.0005952066276222467
id_90e92xfixp.jpg,0.0008098033140413463,0.8946791887283325,0.10451100021600723
id_92arb6rtbu.jpg,0.0017195363761857152,0.07069132477045059,0.9275890588760376
id_947llr07l1.jpg,0.004454272333532572,0.07093826681375504,0.9246073961257935
id_94ppy8gtdn.jpg,0.0013691552449017763,0.009514604695141315,0.9891161322593689
id_95b0liwdh6.jpg,0.0005578714772127569,0.0006966733490116894,0.9987454414367676
id_95fcfcgs9d.jpg,0.00121783756185323,0.07895710319280624,0.9198250770568848
id_97pniadwxs.jpg,0.0001735188561724499,0.9991413354873657,0.0006851679645478725
id_9b0tkqic6c.jpg,0.0021640511695295572,0.10130563378334045,0.8965303897857666
id_9bayys139l.jpg,0.000799614645075053,0.02639327198266983,0.9728071093559265
id_9bkxkg5uoy.jpg,0.00039324600948020816,0.015064457431435585,0.9845422506332397
id_9d8dhe83vo.jpg,0.0010495047317817807,0.327747642993927,0.6712027788162231
id_9ds3juieb3.jpg,0.001277959207072854,0.001247516367584467,0.9974746108055115
id_9f9ptfngd8.jpg,0.0031871842220425606,0.09993399679660797,0.8968788385391235
id_9h4oarnpqt.jpg,0.00047984044067561626,0.0013230073964223266,0.9981972575187683
id_9jjb9023hu.jpg,0.0009730709134601057,0.03519359230995178,0.9638333320617676
id_9ld00xwmon.jpg,0.0005393732571974397,0.0005440880195237696,0.9989166259765625
id_9llets503b.jpg,0.0032059596851468086,0.50370854139328,0.4930855333805084
id_9m34n8cvbl.jpg,0.001236633863300085,0.03176531195640564,0.9669979810714722
id_9mgzx3qt4q.jpg,0.0014991604257375002,0.05192612484097481,0.9465746283531189
id_9mv2eydufl.jpg,0.0002451375767122954,0.9963485598564148,0.003406388917937875
id_9rvnit4tfg.jpg,0.0038582400884479284,0.46626976132392883,0.5298720002174377
id_9ttxex3x1n.jpg,0.002324398374184966,0.17725621163845062,0.820419430732727
id_9tv6ronz0p.jpg,0.001635712687857449,0.26948460936546326,0.7288796901702881
id_9u0y2bplx6.jpg,7.240279956022277e-05,0.9993340373039246,0.0005935605149716139
id_9ur6z0mqjz.jpg,0.001093685976229608,0.9585878252983093,0.040318433195352554
id_9vblo6pawj.jpg,0.0006323627894744277,0.0055022877641022205,0.993865430355072
id_9w55e1oeq0.jpg,0.002414450515061617,0.5507638454437256,0.44682174921035767
id_9w8geyv8cu.jpg,0.0027852102648466825,0.029131192713975906,0.9680836200714111
id_9wlo4kff0i.jpg,0.0024743499234318733,0.0018378436798229814,0.9956877827644348
id_9x4ntjf2eh.jpg,0.0012221245560795069,0.08798199892044067,0.9107959270477295
id_9z91cgtyhs.jpg,0.0015849127667024732,0.2646504044532776,0.7337647080421448
id_9zrgq5uefl.jpg,0.0026747172232717276,0.04451366141438484,0.9528116583824158
id_a0ts2x3lsv.jpg,0.002736876253038645,0.06437140703201294,0.9328917264938354
id_a1p9xlqr38.jpg,0.0020440404769033194,0.006204467266798019,0.991751492023468
id_a1zi5dpo4s.jpg,0.0010187051957473159,0.04324677959084511,0.9557344913482666
id_a5eboqjxsk.jpg,0.002522318623960018,0.037509169429540634,0.9599685072898865
id_a9m30sts7b.jpg,0.0038127454463392496,0.3825913667678833,0.6135959029197693
id_a9ry0a9y9q.jpg,0.0011098395334556699,0.0002545015304349363,0.9986355900764465
id_abd0ket6gk.jpg,0.0006329398020170629,0.008426113985478878,0.9909408688545227
id_abfj1weg4d.jpg,0.00046191172441467643,0.9732113480567932,0.026326758787035942
id_act04m6s7j.jpg,0.0010905161034315825,0.03319067880511284,0.9657188057899475
id_adungoii3n.jpg,0.0018110270611941814,0.13802410662174225,0.8601648211479187
id_ah065qab4g.jpg,0.0007491825381293893,0.021964766085147858,0.9772860407829285
id_ahlsbyn84z.jpg,0.00045558123383671045,0.003672556020319462,0.9958718419075012
id_aj2mhyiljl.jpg,0.0005256500444374979,0.010777114890515804,0.9886972904205322
id_ajrr2ffz45.jpg,6.278227374423295e-05,0.9991008043289185,0.0008364426321350038
id_ak7by8s6xx.jpg,0.000764531665481627,0.02618977054953575,0.9730457663536072
id_akgn1czug4.jpg,0.0069063883274793625,0.2260964810848236,0.7669971585273743
id_almuemp2a0.jpg,0.0005367983831092715,0.03071501851081848,0.9687482118606567
id_amrw6zrz3c.jpg,0.0006380857084877789,0.9888442158699036,0.010517631657421589
id_an9lszlckm.jpg,0.0021862478461116552,0.05557974427938461,0.9422339200973511
id_aoixbpjvvq.jpg,0.002100208541378379,0.07652304321527481,0.9213767051696777
id_apl5hbz964.jpg,0.0023793752770870924,0.8632127046585083,0.13440795242786407
id_apmoqofvcn.jpg,0.002725512022152543,0.278588205575943,0.7186862826347351
id_aprrkmjoli.jpg,0.00023710708774160594,0.9941838383674622,0.005579086486250162
id_ark2usd7u8.jpg,0.002413846319541335,0.6049548983573914,0.39263132214546204
id_arsg8nwnez.jpg,0.00264836847782135,0.6388753056526184,0.3584762513637543
id_askxpsiynp.jpg,0.0004350679228082299,0.0002752357395365834,0.9992897510528564
id_at5zd8zdot.jpg,0.0005937082460150123,0.0006001127185299993,0.9988062381744385
id_au351ozt0u.jpg,0.00038356229197233915,0.006474243942648172,0.9931421279907227
id_aubznv8khr.jpg,0.0006822925060987473,0.02590174414217472,0.9734159111976624
id_avn1ejzmvs.jpg,0.0001270385691896081,0.9891680479049683,0.010704966261982918
id_avo9syteav.jpg,0.0016212307382375002,0.009339433163404465,0.9890393018722534
id_avp0xvzsef.jpg,0.001041976734995842,0.03916206210851669,0.9597959518432617
id_avy4f1aml0.jpg,0.0006939733866602182,0.0014142119325697422,0.9978918433189392
id_aw9y79nutx.jpg,0.0002510658814571798,0.9942883253097534,0.0054606227204203606
id_axlte8dtxc.jpg,0.001114051672630012,0.14099304378032684,0.8578928709030151
id_ay3hzdsf41.jpg,0.0019343880703672767,0.549741268157959,0.4483243227005005
id_b15h3wr363.jpg,0.0005075443186797202,0.01245112530887127,0.9870413541793823
id_b19jeif9q2.jpg,0.004060055129230022,0.5047286748886108,0.4912112057209015
id_b38ee2otk3.jpg,0.00201065163128078,0.43871328234672546,0.5592760443687439
id_b4m778w81r.jpg,0.0008544253651052713,0.0038084278348833323,0.9953371286392212
id_b5fn6xymr7.jpg,0.0004468406259547919,0.03222604840993881,0.9673270583152771
id_b68zqqxb16.jpg,0.004083622712641954,0.26989811658859253,0.7260182499885559
id_b6guqa4jqp.jpg,0.0023828342091292143,0.0012494634138420224,0.9963676929473877
id_b9l1y6pkri.jpg,0.0005498931859619915,0.020115872845053673,0.9793342351913452
id_bazikoi5h9.jpg,0.0004640960250981152,0.003327502403408289,0.9962084293365479
id_bb91jp6pg4.jpg,0.0007113542524166405,0.9864434003829956,0.012845220975577831
id_bc5p9me7ku.jpg,0.0012895569670945406,0.009037388488650322,0.9896731376647949
id_bce4iyojch.jpg,0.000990347471088171,0.005288882181048393,0.9937207698822021
id_bekoxyehov.jpg,0.001772713498212397,0.07152406871318817,0.926703155040741
id_bgj44bvut4.jpg,0.0020131096243858337,0.0034895623102784157,0.9944972395896912
id_bkrke3vo57.jpg,0.0003444338799454272,0.0003872317320201546,0.9992683529853821
id_blscjxidu6.jpg,0.002574003068730235,0.20280742645263672,0.7946186065673828
id_blx62wltrk.jpg,0.0006501310272142291,0.039567407220602036,0.9597824215888977
id_bmir6gcods.jpg,0.0008066386799328029,0.09216347336769104,0.907029926776886
id_bmwp4rr84y.jpg,0.0005957848625257611,0.00035762216430157423,0.9990465044975281
id_bnyrssm9kj.jpg,0.0016529953572899103,0.34453412890434265,0.6538129448890686
id_borot9b0dn.jpg,0.0009462343878112733,0.02031640149652958,0.9787373542785645
id_bouwtc3thv.jpg,0.0009547854424454272,0.012285806238651276,0.98675936460495
id_bpy1vkc436.jpg,0.0011100961128249764,0.8262782096862793,0.17261169850826263
id_bq60p3aqo8.jpg,0.0010314062237739563,0.0431244894862175,0.9558440446853638
id_bs01v3crns.jpg,0.0004497466725297272,0.008000465109944344,0.9915497303009033
id_bs0rwp1kmc.jpg,0.0006241420051082969,0.0929533988237381,0.9064224362373352
id_btc44m5ven.jpg,0.0042187427170574665,0.27763262391090393,0.7181485891342163
id_btipo9ojnr.jpg,0.0007345507619902492,0.0008949346956796944,0.9983704686164856
id_bucgp90ug4.jpg,0.001989529002457857,0.23048439621925354,0.7675261497497559
id_bun8uetq9r.jpg,0.0025507688988000154,0.04961739107966423,0.9478318691253662
id_bx77h99p3j.jpg,0.001127477502450347,0.038278959691524506,0.960593581199646
id_bxgijj96cq.jpg,0.001147613162174821,0.3995075225830078,0.5993449091911316
id_by3qnznp3v.jpg,0.0017517259111627936,0.12301989644765854,0.8752284646034241
id_bybbtlbxoo.jpg,0.00195510545745492,0.6609308123588562,0.3371140658855438
id_byyn5oxwj8.jpg,0.003699415596202016,0.24416284263134003,0.7521376609802246
id_c0atby9mg0.jpg,0.0008822510135360062,0.9222016334533691,0.07691608369350433
id_c0iobr5lyv.jpg,0.0008473020861856639,0.02162093296647072,0.9775317907333374
id_c30q46dzkg.jpg,0.0030630487017333508,0.0945826843380928,0.9023542404174805
id_c3p4zaeafj.jpg,0.001056848675943911,0.045985154807567596,0.9529579877853394
id_c3x8zs9kh3.jpg,0.0023660047445446253,0.5562140345573425,0.4414199888706207
id_c6r902u1yc.jpg,0.001499203615821898,0.912864625453949,0.085636205971241
id_c8ccb7p1ny.jpg,0.0025734934024512768,0.5489134788513184,0.44851306080818176
id_c8zqlaoscm.jpg,0.0015127005754038692,0.8915894627571106,0.10689777135848999
id_c996aefk2b.jpg,0.0005260438774712384,0.006004580296576023,0.9934693574905396
id_ca1ulb7phu.jpg,0.00045350505388341844,0.0028827935457229614,0.9966636300086975
id_carqo16fzo.jpg,0.0013188418233767152,0.00015331701433751732,0.9985277652740479
id_cbrq69l0b7.jpg,0.0006002536974847317,0.9771819710731506,0.022217703983187675
id_cc26n7gl0l.jpg,0.0008987556211650372,0.9237378835678101,0.07536336034536362
id_cdf888g19t.jpg,0.0017965668812394142,0.04004722088575363,0.9581562280654907
id_cdphzwxh66.jpg,0.0017753079300746322,0.015279253013432026,0.982945442199707
id_cguvv909pj.jpg,0.001605628407560289,0.2206132560968399,0.7777811288833618
id_cho3e7kmmf.jpg,0.004558979999274015,0.0013149811420589685,0.9941260814666748
id_chyxorazcg.jpg,0.0001435678859706968,0.998259961605072,0.0015964345075190067
id_cl2tro0krc.jpg,0.00149798602797091,0.8602813482284546,0.1382206529378891
id_cmo5mn34bk.jpg,0.0019142921082675457,0.11403460055589676,0.8840512037277222
id_cmz1pqyyqa.jpg,0.0023842810187488794,0.43443039059638977,0.5631853342056274
id_cntxv782n4.jpg,0.0007014008588157594,0.0669034793972969,0.9323951601982117
id_cqbm5ybp7n.jpg,0.0006526460056193173,0.30324533581733704,0.69610196352005
id_cr4pbofie3.jpg,0.0013241386041045189,0.8843656778335571,0.11431023478507996
id_cs7276ypgk.jpg,0.0020263262558728456,0.14487387239933014,0.8530998229980469
id_csvb9gfj1x.jpg,0.0007114261970855296,0.9585880637168884,0.040700484067201614
id_cvoa3cg9ts.jpg,0.0011440571397542953,0.007384415715932846,0.9914714694023132
id_cx1pdelwqg.jpg,0.0035231660585850477,0.09136942028999329,0.9051074385643005
id_cx89v8zdf5.jpg,0.001600728021003306,0.4356277287006378,0.5627715587615967
id_cxbujzrztd.jpg,0.0012878678971901536,0.008020554669201374,0.990691602230072
id_cyxg6svpq1.jpg,0.0026653180830180645,0.053205352276563644,0.9441293478012085
id_cyzjic2qj0.jpg,0.0008434022311121225,0.013279357925057411,0.985877275466919
id_cz5uxriepb.jpg,0.0015960807213559747,0.01538840588182211,0.9830154776573181
id_d1gzo6e0hj.jpg,0.000858316954690963,0.9717013239860535,0.02744036540389061
id_d2uwba98h4.jpg,0.0012909455690532923,0.06855522841215134,0.9301539063453674
id_d3cjyfbkie.jpg,0.0016701779095456004,0.00032649797503836453,0.9980034232139587
id_d6qf53mzm2.jpg,0.0004161824472248554,0.02333378605544567,0.9762500524520874
id_d74qdjo8h9.jpg,0.00046544952783733606,0.9443635940551758,0.05517098307609558
id_d7c0hi3hwf.jpg,0.0008289145771414042,0.004885612986981869,0.994285523891449
id_d9xcc459wg.jpg,0.001376578351482749,0.03583206608891487,0.9627913236618042
id_daklqs117p.jpg,8.151627116603777e-05,0.000522614165674895,0.9993958473205566
id_dblple11hr.jpg,0.0012918487191200256,0.0029105504509061575,0.9957975149154663
id_ddmx12ft9u.jpg,0.0017313703428953886,0.6253314018249512,0.37293729186058044
id_ddrsh911b6.jpg,0.0016398440347984433,0.02356734685599804,0.9747927188873291
id_del50nmcl7.jpg,0.0006810303893871605,0.008546056225895882,0.9907729625701904
id_detmragq4s.jpg,0.0011015931377187371,0.015155866742134094,0.9837424755096436
id_di6wafk673.jpg,0.002014202531427145,0.08852463215589523,0.9094612002372742
id_dibgx1qvt2.jpg,0.0013202698901295662,0.14152942597866058,0.8571503162384033
id_dj3f1qlo8i.jpg,0.0004119840741623193,0.036450762301683426,0.9631372690200806
id_djuswm9bh4.jpg,0.0036507132463157177,0.3142586946487427,0.6820905804634094
id_dkbp68fw0g.jpg,0.0005761851207353175,0.9854932427406311,0.013930543325841427
id_dmxy8ool65.jpg,0.00231216661632061,0.10715506970882416,0.8905327320098877
id_dn8sz7kp6g.jpg,0.002188702579587698,0.16937531530857086,0.828436017036438
id_do5ngonibi.jpg,0.002343779196962714,0.6193342804908752,0.37832188606262207
id_dqoccypgid.jpg,0.0015706010162830353,0.0652405172586441,0.9331889152526855
id_drqjqdgwbr.jpg,0.001897545880638063,0.9346727132797241,0.06342972815036774
id_drx0i4qjoo.jpg,0.0012900482397526503,0.03139146417379379,0.967318594455719
id_dsbrupm1cr.jpg,0.001464993110857904,0.1331188976764679,0.8654161691665649
id_dswv82x2xn.jpg,0.0007232531206682324,0.03002113103866577,0.9692555069923401
id_dtkyk51t7d.jpg,0.0014232592657208443,0.012968572787940502,0.9856082201004028
id_duo0yh6v3g.jpg,0.0009864390594884753,0.6702344417572021,0.3287791311740875
id_dvcbb85xlr.jpg,0.0016373195685446262,0.00324079068377614,0.9951218962669373
id_dvr5tk922c.jpg,0.002408059546723962,0.16973811388015747,0.827853798866272
id_dvrwax0ptk.jpg,0.0017799900379031897,0.2870342433452606,0.7111858129501343
id_dz5g9suhtw.jpg,0.00045709373080171645,0.016788266599178314,0.982754647731781
id_e0qlh51fu9.jpg,0.00231206719763577,0.014705443754792213,0.9829824566841125
id_e1jrl8ckio.jpg,0.0011954185320064425,0.08979260921478271,0.909011960029602
id_e1prlfbkna.jpg,0.0012120999163016677,0.11674720048904419,0.8820406794548035
id_e2b4bad2fs.jpg,0.0031728351023048162,0.8295698761940002,0.16725732386112213
id_e2cqw2vllh.jpg,0.0025874334387481213,0.3034721314907074,0.6939404010772705
id_e2rjq3xl4b.jpg,0.0004284513124730438,0.9774682521820068,0.02210327237844467
id_e4id92jojc.jpg,0.0008599622524343431,0.016256369650363922,0.982883632183075
id_e5xd02ur86.jpg,0.0005150973447598517,0.0011487130541354418,0.9983362555503845
id_e652ocdak4.jpg,0.0009232449228875339,0.016478251665830612,0.9825984239578247
id_e6k39e88b4.jpg,0.00011820664076367393,0.00046219542855396867,0.9994196891784668
id_e7gc2uew96.jpg,0.0008583916933275759,0.11632677167654037,0.8828147053718567
id_e88h986b7j.jpg,0.0010987739078700542,0.04315126687288284,0.9557499885559082
id_e8vij3aomx.jpg,0.0012822793796658516,0.01484051812440157,0.9838772416114807
id_e9uh1mx5x6.jpg,0.00046559146721847355,0.9895040988922119,0.010030372999608517
id_ecvgtyw1zc.jpg,0.001112221973016858,0.8742725253105164,0.12461526691913605
id_edfet6aiir.jpg,0.002557734027504921,0.013406239449977875,0.9840360283851624
id_efcc8cqlws.jpg,0.0004989421577192843,0.013256469741463661,0.9862446188926697
id_efjpvf6ooh.jpg,0.0011910399189218879,0.07412179559469223,0.9246870875358582
id_eg1tfifjeq.jpg,0.0016067441320046782,0.2003595381975174,0.7980337142944336
id_egxnoy01ts.jpg,0.0015165394870564342,0.6262190937995911,0.37226441502571106
id_ei7966665t.jpg,0.0029450892470777035,0.0017112242057919502,0.9953436255455017
id_eimc4saxzn.jpg,0.0007072967127896845,6.973943527555093e-05,0.999222993850708
id_ejcg1mhr5c.jpg,0.0010286798933520913,0.9412007331848145,0.057770565152168274
id_el7ue70uej.jpg,0.0018634065054357052,0.1168588325381279,0.8812777400016785
id_emeryr8qky.jpg,0.0028127427212893963,0.08922704309225082,0.9079601764678955
id_enpt3c9mep.jpg,0.0012671552831307054,0.8991310596466064,0.09960171580314636
id_ep446lk61d.jpg,0.001666164374910295,0.7153936624526978,0.282940149307251
id_esdbbgwidn.jpg,0.0010100569343194366,0.02730848826467991,0.9716814756393433
id_etfht8f6a2.jpg,0.00015810917830094695,0.998245120048523,0.0015967366052791476
id_ewak96titm.jpg,0.0032646660692989826,0.0029584651347249746,0.993776798248291
id_exbcejid16.jpg,0.002274494618177414,0.03182000294327736,0.9659056067466736
id_exx29m2f5j.jpg,0.0002927165769506246,0.0011718885507434607,0.9985353946685791
id_exyqtbcoxl.jpg,0.0002760077186394483,0.0007209872710518539,0.999002993106842
id_eyen48qlhc.jpg,0.0006895753322169185,0.016942502930760384,0.9823679327964783
id_ezkj6zgrre.jpg,0.00029925763374194503,0.9962730407714844,0.0034277078229933977
id_f0rirecsn9.jpg,0.0036284797824919224,0.0984974130988121,0.897874116897583
id_f24poeux0q.jpg,0.001540089724585414,0.0333530567586422,0.9651069045066833
id_f26ltr4l28.jpg,0.0008626598864793777,0.03184933215379715,0.9672880172729492
id_f3vj2zfokq.jpg,0.0013875970616936684,0.011807028204202652,0.9868053197860718
id_f47g7y9ot2.jpg,0.001645209384150803,0.16590097546577454,0.8324538469314575
id_f4fi9o3le6.jpg,0.001670406199991703,0.8395931124687195,0.15873655676841736
id_f5adctkdqm.jpg,0.0004374728014227003,0.9815387725830078,0.018023747950792313
id_f6337bv7g3.jpg,0.0011678904993459582,0.005396805703639984,0.993435263633728
id_f6gpnjnflw.jpg,0.0008926581358537078,0.03410191833972931,0.9650054574012756
id_f7sd78r9w0.jpg,0.0012984146596863866,0.1850520372390747,0.813649594783783
id_f7u2i6v3p1.jpg,0.0012785275466740131,0.05337675288319588,0.9453446865081787
id_f8omw0t1gf.jpg,0.002352546900510788,0.057002779096364975,0.9406446814537048
id_f94x3kmvyu.jpg,0.0007139881490729749,0.972339391708374,0.026946598663926125
id_f9wa31xwh0.jpg,0.0020184116438031197,0.1489582657814026,0.8490232825279236
id_f9xzi2577a.jpg,0.0019645183347165585,0.48909154534339905,0.5089439153671265
id_fae51s7h45.jpg,0.0028468959499150515,0.04891694337129593,0.9482361674308777
id_falxfhtpdw.jpg,0.0024648087564855814,0.0008447921718470752,0.9966903924942017
id_fdal71yl52.jpg,0.0015935208648443222,0.8499155640602112,0.14849095046520233
id_ffs12vyhkw.jpg,0.0007255040691234171,0.006168158259242773,0.9931064248085022
id_fg13uzygdz.jpg,0.0008987056207843125,0.05470377579331398,0.944397509098053
id_fgedgzq6ev.jpg,0.00025330777862109244,0.9938321113586426,0.005914613138884306
id_fi9cn5vrtj.jpg,0.0020465580746531487,0.8595468997955322,0.13840650022029877
id_fiqduhapcz.jpg,0.0017906302819028497,0.652491569519043,0.34571781754493713
id_fj1r8bdghm.jpg,0.0010117673082277179,0.08035381138324738,0.9186344742774963
id_fj7md3zas2.jpg,0.0015503783943131566,0.05249515548348427,0.9459543824195862
id_fkkb5dcuig.jpg,0.0013407889055088162,0.17616233229637146,0.8224968910217285
id_fl3t3nfzml.jpg,0.0007931090658530593,0.0396912507712841,0.9595156908035278
id_fo95m3q1x7.jpg,0.0016345067415386438,0.1839573085308075,0.8144081830978394
id_fq6blx7mhi.jpg,0.0004949173307977617,0.016212617978453636,0.9832925200462341
id_fqj7ulkrw7.jpg,0.0033566197380423546,0.7397995591163635,0.2568438649177551
id_fqq8i9eaqq.jpg,0.0009570386027917266,0.9197455048561096,0.0792974904179573
id_fr37b0ekxk.jpg,0.0012824953300878406,0.17295534908771515,0.8257622122764587
id_fse2430d0l.jpg,0.0011593068484216928,0.010424611158668995,0.9884160757064819
id_fsybyty8h5.jpg,0.001143612782470882,0.03496351093053818,0.9638928174972534
id_fusrwqj2hq.jpg,0.0013216652441769838,0.3397951126098633,0.6588831543922424
id_fvpfi4xmot.jpg,0.0006234282627701759,0.0056417169980704784,0.9937347769737244
id_fxphky513b.jpg,0.0015197022585198283,0.35578006505966187,0.6427002549171448
id_fzpcrlzhul.jpg,0.0013822285691276193,0.08811207860708237,0.9105056524276733
id_g1eq7wvrt8.jpg,0.0004694123344961554,4.909863127977587e-05,0.9994814991950989
id_g3xn35cghp.jpg,0.0024371445178985596,0.7944251894950867,0.20313768088817596
id_g4ug9vqbd5.jpg,0.0011877130018547177,0.0010425682412460446,0.9977697134017944
id_gb596fx9gc.jpg,0.0023500206880271435,0.8560531139373779,0.14159691333770752
id_gbmfakbcdl.jpg,0.0016580894589424133,0.09682372212409973,0.9015182256698608
id_gexbz8xbbp.jpg,0.0019435521680861712,0.7838707566261292,0.21418564021587372
id_gfg2gev6my.jpg,0.0012934559490531683,0.005976278800517321,0.9927302002906799
id_gfktmz0qeh.jpg,0.0006638735067099333,0.019001256674528122,0.9803348779678345
id_gjloe548h5.jpg,0.0004732944362331182,0.9747647643089294,0.02476195991039276
id_gkzx64iwyd.jpg,0.007753876503556967,0.021822508424520493,0.9704235196113586
id_gmgxcrq2t7.jpg,0.001305265468545258,0.03225128725171089,0.9664434194564819
id_gnl5bn3rn6.jpg,0.0003892158856615424,0.9906418919563293,0.008968833833932877
id_goucryjdwq.jpg,0.0026814613956958055,0.3212844431400299,0.6760340929031372
id_gp4vo6ez94.jpg,0.0012580216862261295,0.02586832083761692,0.9728736877441406
id_gq1466j51f.jpg,0.000495333515573293,0.004070143215358257,0.995434582233429
id_gqqyudghzn.jpg,0.0016743530286476016,0.04055935516953468,0.9577662348747253
id_gqwmw1xp1u.jpg,0.0006484490004368126,0.05639398470520973,0.9429575800895691
id_gsdskbip59.jpg,0.0017892065225169063,0.3839942216873169,0.6142166256904602
id_gse4bshs1a.jpg,0.0005638856091536582,0.014016855508089066,0.9854192733764648
id_gsplbfqt1e.jpg,0.0017982430290430784,0.05750531703233719,0.9406964778900146
id_gv448jdur1.jpg,0.0031707182060927153,0.6972624063491821,0.2995668649673462
id_h283ew9pks.jpg,0.0005894634523428977,0.9783113598823547,0.021099133417010307
id_h2i1p2cyli.jpg,0.002653003903105855,0.5074071288108826,0.4899398684501648
id_h317b8qvv6.jpg,0.00042192291584797204,0.9825966954231262,0.016981368884444237
id_h35g3ky6pr.jpg,0.0029290998354554176,0.2955414950847626,0.7015293836593628
id_hc8iljg6yo.jpg,0.0006128199747763574,0.023587830364704132,0.9757994413375854
id_hcmn4gh7z6.jpg,0.0009071422391571105,0.0021380276884883642,0.9969547986984253
id_hcsn3irehh.jpg,0.0017490930622443557,0.0403934121131897,0.9578574299812317
id_hfa3z6tgwk.jpg,0.0007354007684625685,0.030869312584400177,0.9683952927589417
id_hfe19yb7ej.jpg,0.000602264073677361,0.05210072919726372,0.9472970366477966
id_hgdbjm7371.jpg,0.0007721264846622944,0.0008073547505773604,0.9984205961227417
id_hi22zpzttf.jpg,0.0008569426718167961,0.006296183913946152,0.9928469061851501
id_higuw25bka.jpg,0.001986102433875203,0.8951771259307861,0.10283676534891129
id_hiht8zpw6y.jpg,0.0009747926378622651,0.008274879306554794,0.9907503724098206
id_hni7m73rw2.jpg,0.0016511876601725817,0.8441242575645447,0.15422451496124268
id_hnqkt8oxu2.jpg,0.0007529517752118409,0.0009455932886339724,0.9983013868331909
id_hoex385mr8.jpg,0.0006229405989870429,0.02513512410223484,0.9742419719696045
id_hrn0dpvzrd.jpg,0.0003822798898909241,0.010324866510927677,0.9892927408218384
id_hruzjdkra1.jpg,0.000436805043136701,0.001907145488075912,0.997655987739563
id_hssgsuxl0q.jpg,0.004544459283351898,0.06827005743980408,0.9271855354309082
id_htx4azs6ls.jpg,0.0004969539004378021,0.004065028857439756,0.9954380393028259
id_hudg4kgstg.jpg,0.0010887716198340058,0.9354866743087769,0.06342461705207825
id_hup2etcyum.jpg,0.0008404110558331013,0.932188093662262,0.06697144359350204
id_hwhrkqdxjz.jpg,0.0007444107905030251,0.9777265191078186,0.02152911014854908
id_hwm1vf4ddd.jpg,0.0012678471393883228,0.8961052298545837,0.10262694209814072
id_i1gmtoe1h9.jpg,0.0030951506923884153,0.5100275278091431,0.48687732219696045
id_i2sksjcifv.jpg,0.0017313703428953886,0.6253314018249512,0.37293729186058044
id_i3fsnogh5m.jpg,0.0013631520560011268,0.2499377429485321,0.7486991286277771
id_i4nn7mnpus.jpg,0.0028426575008779764,0.06596440821886063,0.931192934513092
id_i5abphac7v.jpg,0.0014693342382088304,0.04772549495100975,0.9508051872253418
id_i6c9umw8sn.jpg,0.0018919231370091438,0.1244012862443924,0.8737067580223083
id_i6rzq0vi43.jpg,0.0021061201114207506,0.08769793063402176,0.9101958274841309
id_i81ayuiv6u.jpg,0.0006807690369896591,0.04897918924689293,0.9503400325775146
id_i8eoisybxv.jpg,0.00036321088555268943,0.004104218445718288,0.9955325126647949
id_ianx9b8tiy.jpg,0.0026095013599842787,0.0010907865362241864,0.9962998032569885
id_iap17yol68.jpg,0.0003909559454768896,0.012351573444902897,0.9872574210166931
id_ibhb4afjv9.jpg,0.0009483071626164019,0.03039463423192501,0.9686570763587952
id_idptvpe36v.jpg,0.0013854661956429482,0.011408621445298195,0.9872058629989624
id_ifboregp9u.jpg,0.000944742641877383,0.022321054711937904,0.9767341613769531
id_ifqwwkaiei.jpg,0.001979476073756814,0.040455009788274765,0.9575654864311218
id_igdfxxyfsu.jpg,0.0006954933633096516,0.8831584453582764,0.11614606529474258
id_ih5nvehfkl.jpg,0.0018077172571793199,0.6597697138786316,0.338422566652298
id_ii2y55xu9u.jpg,0.002629406051710248,0.39937660098075867,0.5979939699172974
id_iihyl0w2dk.jpg,0.002141399309039116,0.669122576713562,0.32873600721359253
id_iizqm4nkxh.jpg,0.00017028390720952302,0.0015867380425333977,0.998242974281311
id_ikihlt6xjs.jpg,0.0018738197395578027,0.0012866322649642825,0.9968395233154297
id_im66qymqnu.jpg,0.002623958745971322,0.1962161511182785,0.8011599183082581
id_immgoa1u25.jpg,0.0006643835222348571,0.024202663451433182,0.9751330018043518
id_inoi7ud9bt.jpg,9.414324449608102e-05,0.9992809891700745,0.0006249372963793576
id_inox4crld4.jpg,0.0029473460745066404,0.5981804132461548,0.3988722562789917
id_ioeltwwdfm.jpg,0.0008248264784924686,0.03279072046279907,0.9663844108581543
id_iom63fwkpf.jpg,0.0019853885751217604,0.49504420161247253,0.5029703378677368
id_ipaerj0ehn.jpg,0.0007814433774910867,0.012274600565433502,0.9869439601898193
id_ipwqvv84dt.jpg,0.0022394629195332527,0.3694634735584259,0.6282970309257507
id_irm15i7xl5.jpg,0.0019029497634619474,0.05107703059911728,0.9470200538635254
id_irv1v3m76m.jpg,0.00163276435341686,0.827640175819397,0.17072711884975433
id_iryz97ll9y.jpg,0.0019275223603472114,0.06865805387496948,0.9294145107269287
id_isyh6ku6sl.jpg,0.00088401761604473,0.025915756821632385,0.9732002019882202
id_it0rzf0hgx.jpg,0.0010032965801656246,0.96882164478302,0.03017503209412098
id_it6sxlhgr4.jpg,0.0015940642915666103,0.9290937185287476,0.06931217014789581
id_itzrgxgyio.jpg,0.0027457543183118105,0.08887939155101776,0.9083749055862427
id_ivjhsm7cz3.jpg,0.0015886945184320211,0.20831863582134247,0.7900926470756531
id_iwh76wfcek.jpg,0.00047687944606877863,0.04431962966918945,0.9552035331726074
id_iwvfcymq9k.jpg,0.0009881132282316685,0.00509218592196703,0.9939196109771729
id_ixohx0x7fx.jpg,0.0009606156963855028,0.03462981805205345,0.964409589767456
id_iz5cbv0k1r.jpg,0.0026045716367661953,0.0003930170205421746,0.9970024228096008
id_j13u6s5efv.jpg,0.0009176622843369842,0.039413053542375565,0.9596693515777588
id_j24l5grdx8.jpg,0.0011222341563552618,0.04685218632221222,0.9520255923271179
id_j3568trarc.jpg,0.00024085587938316166,0.0001449284900445491,0.9996142387390137
id_j770ua3qw3.jpg,0.0006513721309602261,0.025408277288079262,0.973940372467041
id_j9vqx1xxjd.jpg,0.0004756201815325767,0.9916799664497375,0.007844459265470505
id_jat5ystlf4.jpg,0.0014833523891866207,0.0009665981633588672,0.9975500702857971
id_jbo4bwxjyv.jpg,0.0015967936487868428,0.060623086988925934,0.9377800822257996
id_jc7x3u6jzq.jpg,0.0016545789549127221,0.020878616720438004,0.9774667620658875
id_jcld4apors.jpg,0.0036098097916692495,0.6593186855316162,0.3370715081691742
id_jdgto3xkkw.jpg,0.0009749091695994139,0.958312451839447,0.04071268066763878
id_jf35ye8yyu.jpg,0.000877933285664767,0.9663822054862976,0.03273986652493477
id_jg82ghmuqk.jpg,0.000106056199001614,0.9989718198776245,0.0009221539949066937
id_ji9d6406fm.jpg,0.0021309135481715202,0.003776985453441739,0.9940920472145081
id_jir9ukg4k6.jpg,0.0020754970610141754,0.3087438642978668,0.6891805529594421
id_jl0zs4392j.jpg,0.000849951000418514,0.007734856102615595,0.9914150834083557
id_jmug08j2dx.jpg,0.0017047809669747949,0.0022856772411614656,0.9960095882415771
id_joluroir8v.jpg,0.0014112775679677725,0.17130891978740692,0.827279806137085
id_jpzdade8hn.jpg,0.0005206471541896462,0.00027240219060331583,0.9992069602012634
id_jq20cab2em.jpg,0.005086593795567751,0.002461164491251111,0.9924522042274475
id_jt6ejdwsaa.jpg,0.0031546491663903,0.5478676557540894,0.44897764921188354
id_jtfnfvf2qv.jpg,0.00039249780820682645,0.0001573738845763728,0.999450147151947
id_jtz76x52jp.jpg,0.0009937752038240433,0.07304234802722931,0.9259639382362366
id_jva140h7wl.jpg,0.000985859427601099,0.897929847240448,0.10108430683612823
id_jyt1do8d3r.jpg,0.0023277802392840385,0.04512825235724449,0.9525439739227295
id_jz5v7tbbo5.jpg,0.0009312054025940597,0.09341643005609512,0.9056524038314819
id_jzw08xfv6p.jpg,0.0003257224743720144,0.016162315383553505,0.9835119843482971
id_k06dsv2byl.jpg,0.0008951204363256693,0.07627271860837936,0.9228321313858032
id_k137xcbea9.jpg,0.0020836452022194862,0.03515256196260452,0.962763786315918
id_k1647qf4se.jpg,0.00012865509779658169,0.006391701754182577,0.9934797286987305
id_k1ple8xw7k.jpg,0.0024025277234613895,0.15587474405765533,0.8417226672172546
id_k286pi6nmr.jpg,0.0010265784803777933,0.9714293479919434,0.02754410170018673
id_k4d4kbx7yh.jpg,0.0010557316709309816,0.1581580936908722,0.8407862186431885
id_k5akvyy5h9.jpg,0.001295903930440545,0.11697998642921448,0.8817241191864014
id_k64822af5l.jpg,0.0006758905365131795,0.0003382085124030709,0.9989858269691467
id_k67n77588b.jpg,0.0016775926342234015,0.23672066628932953,0.7616016864776611
id_k7eur6kpbx.jpg,0.0015003717271611094,0.35941123962402344,0.6390883922576904
id_k8jmmhh99t.jpg,0.0007593504851683974,0.9905881881713867,0.008652464486658573
id_k8knp8lm11.jpg,0.0005477755330502987,0.0013205891009420156,0.9981315732002258
id_k8ldaf6iji.jpg,0.0009471984230913222,0.0023367905523627996,0.9967160224914551
id_k9u4k0s7zw.jpg,0.0014954821672290564,0.880836009979248,0.11766848713159561
id_kac6myb4rp.jpg,0.0014394455356523395,0.23176395893096924,0.7667966485023499
id_kagc4maon9.jpg,0.0026135442312806845,0.9115691781044006,0.08581721037626266
id_kcxpnf02ra.jpg,0.0004550752928480506,0.012344862334430218,0.9872000217437744
id_kd37zpjtqn.jpg,0.0015048293862491846,0.11794596165418625,0.8805491924285889
id_kddeefsm3e.jpg,0.0005901454132981598,0.003631946165114641,0.99577796459198
id_kdnmofmnkg.jpg,0.00037793649244122207,0.0016525797545909882,0.9979694485664368
id_kegjaspgx8.jpg,0.001589370658621192,0.9244505167007446,0.0739600881934166
id_keiqprscwm.jpg,0.0019819017034024,0.5462237596511841,0.4517943859100342
id_kez0xk5n6x.jpg,0.0026824972592294216,0.6580194234848022,0.3392980992794037
id_kg4zhrp0l8.jpg,0.002643466694280505,0.004866862669587135,0.9924896359443665
id_kgmhntdh16.jpg,0.0002588508650660515,0.9636073708534241,0.036133795976638794
id_khqae1m4o6.jpg,0.000742894655559212,0.0022606470156461,0.9969964027404785
id_kidt6ecu2q.jpg,0.003597812494263053,0.07501999288797379,0.9213821887969971
id_kj5t8u1bo4.jpg,0.0016519412165507674,0.9390046000480652,0.05934341624379158
id_kj9trdlawq.jpg,0.004143138416111469,0.4258038401603699,0.5700531005859375
id_kjjjs4s0wb.jpg,0.000540026172529906,0.002651224611327052,0.9968087077140808
id_kkhk81dpbq.jpg,0.0026282775215804577,0.0007044748053885996,0.9966673254966736
id_kkr3bzscyw.jpg,0.0006963626365177333,0.011935251764953136,0.9873684048652649
id_klh92u4wji.jpg,0.0004571581957861781,5.13978156959638e-05,0.9994914531707764
id_kn9xftvrnn.jpg,0.0018346096621826291,0.05755215510725975,0.9406132102012634
id_knzf9k8t6z.jpg,0.0009709429577924311,0.000946242653299123,0.9980827569961548
id_kor62boy63.jpg,0.0021172738634049892,0.02525564841926098,0.9726271033287048
id_kp1oc62sv6.jpg,0.0003557154559530318,0.0031148437410593033,0.9965295195579529
id_kphfc1xvjm.jpg,0.002123650861904025,0.5984959602355957,0.3993803560733795
id_kps04br8xx.jpg,0.0012051606317982078,0.06513778865337372,0.9336570501327515
id_kr4micn1pa.jpg,0.00011140215065097436,0.9985606074333191,0.0013280186103656888
id_krdrytjgoq.jpg,0.0006307631265372038,0.011700281873345375,0.987669050693512
id_ksr4ggwh8f.jpg,0.00045808893628418446,0.9814321994781494,0.018109722062945366
id_ktg97eo3b7.jpg,0.0007224390865303576,0.004154315683990717,0.9951232075691223
id_ktifutackp.jpg,0.0020652536768466234,0.4987866282463074,0.4991481602191925
id_ku16t864ke.jpg,0.0015737477224320173,0.6409178376197815,0.35750842094421387
id_kuk3hptm3d.jpg,0.004200373776257038,0.7001537680625916,0.29564592242240906
id_kw3e0h0qo0.jpg,0.0010736739495769143,0.029607893899083138,0.9693183302879333
id_kw5a95jiyw.jpg,0.001562825869768858,0.46316519379615784,0.5352720022201538
id_kwevugay3c.jpg,9.643059456720948e-05,0.9984447360038757,0.0014588524354621768
id_l0wsj10x2s.jpg,0.0014059197856113315,0.07479792833328247,0.9237961173057556
id_l2cgrkhmzl.jpg,0.0002985467144753784,0.007787499576807022,0.991913914680481
id_l2wjciy2k9.jpg,0.001245236722752452,0.733919084072113,0.2648356556892395
id_l3j0xm05w3.jpg,0.0023085232824087143,0.06256961077451706,0.9351218938827515
id_l613kk54tv.jpg,0.0016417171573266387,0.0026695430278778076,0.9956887364387512
id_l65bow7k1p.jpg,0.001431143726222217,0.9256348013877869,0.072934091091156
id_l70nmhf28x.jpg,0.0013756862608715892,0.9306833148002625,0.06794102489948273
id_l84qvfs79z.jpg,0.002979551674798131,0.7771480679512024,0.21987231075763702
id_l8cdsmu0pd.jpg,0.0016289425548166037,0.12797173857688904,0.8703993558883667
id_lapii0xyip.jpg,0.001214977353811264,0.18309777975082397,0.8156871795654297
id_lbjlqtfqnu.jpg,0.000621256825979799,0.01207697857171297,0.9873017072677612
id_lbqdy2fu1g.jpg,0.0021710495930165052,0.8580977916717529,0.13973116874694824
id_lc3j081r9f.jpg,0.0020471815951168537,0.0021661121863871813,0.9957866072654724
id_lchpusu9hv.jpg,0.002739835763350129,0.5381237268447876,0.4591364860534668
id_ld9azbrkn0.jpg,0.001331975101493299,0.8819108605384827,0.11675718426704407
id_le0b7a02hg.jpg,0.002070279559120536,0.03005501627922058,0.9678747057914734
id_lfz4f0u3hl.jpg,0.0021868874318897724,0.03361363708972931,0.9641994833946228
id_lh6c61f5cd.jpg,0.002016910817474127,0.01663248799741268,0.9813505411148071
id_lhb8r8cqll.jpg,0.002085709711536765,0.3069196939468384,0.6909946203231812
id_lmj087tm0f.jpg,0.0019314633682370186,0.4478829801082611,0.55018550157547
id_lmxozg8vh1.jpg,0.0007665606099180877,0.9437817931175232,0.055451650172472
id_ln1lgvlclh.jpg,0.0005676968721672893,0.9483105540275574,0.051121752709150314
id_lox3edb73y.jpg,0.0007908300030976534,0.012063496746122837,0.9871456623077393
id_lpf5rf5cef.jpg,0.0005525643355213106,1.3110148756823037e-05,0.9994342923164368
id_lr01knxejc.jpg,0.00134855427313596,0.06294137984514236,0.935710072517395
id_lre8xfj5a5.jpg,0.003410519566386938,0.3199979066848755,0.6765915751457214
id_lupvfru1s3.jpg,0.0011896772775799036,0.0005756118916906416,0.998234748840332
id_lvihm9ksl3.jpg,0.000795577303506434,0.019315874204039574,0.9798884987831116
id_lvnaamsyes.jpg,0.0008283373317681253,0.0004176069051027298,0.9987540245056152
id_lvu5creqox.jpg,0.0010911541758105159,7.918251503724605e-05,0.9988296627998352
id_lx3fzn27ya.jpg,0.000798642635345459,0.040103260427713394,0.9590981602668762
id_lyzus2duc9.jpg,0.0008526768069714308,0.22060787677764893,0.7785394787788391
id_m08l0bla1p.jpg,0.0006187196704559028,0.05676339194178581,0.9426178336143494
id_m0btlwtdyj.jpg,0.0010698959231376648,0.062368109822273254,0.9365620017051697
id_m13laeeafg.jpg,0.0005788787384517491,0.9845684766769409,0.014852616935968399
id_m1kfohhpam.jpg,0.001239689765498042,0.012091363780200481,0.9866689443588257
id_m3dj7pcsfm.jpg,0.0015603018691763282,0.5785377621650696,0.41990190744400024
id_m4jaqnvn4e.jpg,0.0018630081322044134,0.1547166407108307,0.8434203863143921
id_m6zfhhia8f.jpg,0.0009115308639593422,0.05326268821954727,0.9458258748054504
id_m7symjqnxf.jpg,0.0016814706614241004,0.9662535190582275,0.032065071165561676
id_m9iq8hfhmn.jpg,0.001004079240374267,0.015617762692272663,0.9833781719207764
id_madejx2dsj.jpg,0.000652722199447453,0.027597714215517044,0.971749484539032
id_mcfzxboyyi.jpg,0.0011144147720187902,0.9561885595321655,0.04269695281982422
id_meaye9157o.jpg,0.0015722863608971238,0.07459386438131332,0.9238338470458984
id_mi7nha96fs.jpg,0.0002146632905350998,0.00024388534075114876,0.9995414018630981
id_miqvo2w7sn.jpg,0.0024835006333887577,0.5574219226837158,0.44009461998939514
id_mjhv8d9dvy.jpg,0.001172776217572391,0.002872996497899294,0.9959542751312256
id_ml4dl8w166.jpg,0.0008755578310228884,0.9829522371292114,0.016172198578715324
id_ml6n0ko1v7.jpg,0.0019330832874402404,0.05443888157606125,0.9436279535293579
id_mmi9s5q2mv.jpg,0.0018719934159889817,0.004533359780907631,0.9935945868492126
id_mo3bdi0ypm.jpg,0.0016683374997228384,0.022837920114398003,0.9754937291145325
id_mokkj027bd.jpg,0.0017964503495022655,0.6245511770248413,0.37365230917930603
id_mor6m75cmr.jpg,0.00469176797196269,0.13362812995910645,0.8616801500320435
id_mpcuoyvsqq.jpg,0.0018230958376079798,0.08853938430547714,0.9096375107765198
id_mq9704t67z.jpg,0.006017684005200863,0.3277582824230194,0.6662240028381348
id_mqnbanp0gs.jpg,0.0017313703428953886,0.6253314018249512,0.37293729186058044
id_mqz6zwqb19.jpg,0.0006652222364209592,0.02944198250770569,0.9698927402496338
id_mrjmlw7bim.jpg,0.0020151471253484488,0.07912681996822357,0.9188580513000488
id_mruj8kcxvq.jpg,0.0022193114273250103,0.7093254327774048,0.2884552776813507
id_msy5wmjs0c.jpg,0.0012676671613007784,0.876078724861145,0.12265364825725555
id_mtvik21wb4.jpg,0.0012649439740926027,0.19143953919410706,0.807295560836792
id_muy3sik0t3.jpg,0.0014202534221112728,0.003893214510753751,0.994686484336853
id_mwtb56vqrl.jpg,0.0029836720786988735,0.28609856963157654,0.7109177708625793
id_myal68lj94.jpg,0.003335972549393773,0.0032536129001528025,0.9934104084968567
id_n0x5st1b03.jpg,0.0024169348180294037,0.12282883375883102,0.8747542500495911
id_n3eoeebe44.jpg,0.00036731752334162593,2.4962537281680852e-05,0.9996078610420227
id_n4o5bhml2e.jpg,0.00043071495019830763,0.009770067408680916,0.9897992610931396
id_n92kd0fyhy.jpg,0.002797216409817338,0.20567145943641663,0.7915313243865967
id_na7j7fjjo2.jpg,0.0014234246918931603,0.13776256144046783,0.8608140349388123
id_ne6li8rhp1.jpg,0.0006111324182711542,0.9857019186019897,0.013687020167708397
id_nemier4hyh.jpg,0.00028667261358350515,0.9900746941566467,0.009638612158596516
id_nf4i1zkwzw.jpg,0.0006095829303376377,0.055955156683921814,0.9434353113174438
id_nk0q1tl98l.jpg,0.0006535985157825053,0.016390373930335045,0.982956051826477
id_nk1if6d55n.jpg,0.0011806974653154612,0.010861136950552464,0.9879581928253174
id_nklzok5d8k.jpg,0.0009098968585021794,0.0031475331634283066,0.9959425330162048
id_nn1llkv5gv.jpg,0.001882202341221273,0.8741672039031982,0.12395063042640686
id_nnufk51f82.jpg,0.003382672555744648,0.656522274017334,0.3400951325893402
id_nodua32bev.jpg,0.0011458428343757987,0.05692179501056671,0.9419323205947876
id_noq73td865.jpg,0.0026345679070800543,0.5787602066993713,0.418605238199234
id_np3eck4ztu.jpg,0.0013242400018498302,0.7891108393669128,0.2095649689435959
id_npob4lecs8.jpg,0.002073837211355567,0.36471208930015564,0.6332140564918518
id_nq7a83plut.jpg,0.0008460349054075778,0.012097401544451714,0.9870566129684448
id_nr0y6saehj.jpg,0.0028061489574611187,0.3342786431312561,0.6629152894020081
id_nr3m89kokp.jpg,0.001303133787587285,0.6099391579627991,0.3887576758861542
id_nr47vmf0y6.jpg,0.0009611939312890172,0.0012423297157511115,0.9977965354919434
id_nradve23p3.jpg,0.0036949364002794027,0.32406044006347656,0.6722446084022522
id_nrhzrkxu90.jpg,0.0005922384443692863,0.9738866686820984,0.0255210492759943
id_ns1z8jq194.jpg,0.0024895474780350924,0.20131763815879822,0.7961927652359009
id_ns220uzcsi.jpg,0.0017295472789555788,0.0042188046500086784,0.9940516352653503
id_ntps3uhxsl.jpg,0.0011094625806435943,0.08799360692501068,0.9108970165252686
id_nvepupqkuu.jpg,0.0026384275406599045,0.15748968720436096,0.8398718237876892
id_nx75sns47n.jpg,0.0009804838337004185,0.005064122844487429,0.9939554333686829
id_nxyktb0riq.jpg,0.0014632875099778175,0.06797575205564499,0.9305610060691833
id_o02okrgkei.jpg,0.0005163189489394426,0.00648490060120821,0.9929987192153931
id_o40xq2l8vb.jpg,0.0017246362986043096,0.20391982793807983,0.7943555116653442
id_o6brmp5kkp.jpg,0.002979375422000885,0.6346974968910217,0.362323135137558
id_o7xwecuwbg.jpg,0.00210313661955297,0.3954331576824188,0.6024636626243591
id_o92bfuokl9.jpg,0.0021133169066160917,0.2403509020805359,0.7575357556343079
id_oait28jynd.jpg,0.002426961436867714,0.00579828443005681,0.9917746782302856
id_oarwlp7sl8.jpg,0.0020029370207339525,0.004000755958259106,0.9939963817596436
id_ob08w0ebm1.jpg,0.000263407826423645,0.13503557443618774,0.8647010326385498
id_ob71w2bnop.jpg,0.0027406462468206882,0.5561414957046509,0.4411178529262543
id_obzycw4cg5.jpg,0.003384878858923912,0.5046767592430115,0.49193838238716125
id_ogbefjp72r.jpg,0.0005836506024934351,0.0011882513063028455,0.998228132724762
id_oh2que39wy.jpg,0.0009949442464858294,0.036916524171829224,0.9620885848999023
id_oh94ko477a.jpg,0.002786340657621622,0.5311475992202759,0.46606606245040894
id_ohz8x56i79.jpg,0.0012299100635573268,0.000796454434748739,0.997973620891571
id_oli1uj1las.jpg,0.0017837908817455173,0.6934843063354492,0.30473196506500244
id_om3a8xve6l.jpg,0.002813867060467601,0.76314777135849,0.23403838276863098
id_om7ytfcpls.jpg,0.0011661866446956992,0.775088906288147,0.22374491393566132
id_oo1mx5ymtk.jpg,0.00043219627696089447,0.00039236803422681987,0.9991753697395325
id_oohww1e3aa.jpg,0.003752380143851042,0.004795933607965708,0.9914516806602478
id_or2qbpuujw.jpg,0.00027160547324456275,0.005092916078865528,0.9946354031562805
id_or8godvlwx.jpg,0.0006327310111373663,0.0015660689678043127,0.9978012442588806
id_ou8pq1hzwd.jpg,0.0017176924739032984,0.13785958290100098,0.8604228496551514
id_ouq03n3opt.jpg,0.0007829407113604248,0.06156652420759201,0.9376505613327026
id_oxcs1wnblk.jpg,0.0004086842236574739,0.989694356918335,0.009896896779537201
id_oxz95d1qnm.jpg,0.000619352562353015,0.0007831864058971405,0.9985974431037903
id_oyytkl3oa0.jpg,0.0003657457127701491,0.002316249068826437,0.9973180890083313
id_ozjffwap45.jpg,0.0007895344169810414,0.972165584564209,0.027044817805290222
id_p13pqhe04f.jpg,0.0027417736127972603,0.09744856506586075,0.8998095989227295
id_p3bpzqhhit.jpg,0.0012517403811216354,0.0005957478424534202,0.9981524348258972
id_p47lz1d5up.jpg,0.0024367456790059805,0.1957937479019165,0.801769495010376
id_p6y4n6vn5e.jpg,0.0009295717463828623,0.8651701807975769,0.1339002102613449
id_p7z5t8nr7f.jpg,0.00022955019085202366,0.006634221412241459,0.9931361675262451
id_p974tike4b.jpg,0.0022782247979193926,0.6794612407684326,0.31826052069664
id_pck11u93dn.jpg,0.0006403722800314426,0.011662024073302746,0.9876975417137146
id_pdmpgo51zf.jpg,0.0001697521365713328,0.9978177547454834,0.002012507524341345
id_phv3e7s9vd.jpg,0.0017877283971756697,0.041639991104602814,0.9565722942352295
id_phxagy4y6s.jpg,0.0008585280738770962,0.874816358089447,0.12432507425546646
id_pife8wip0b.jpg,0.00567341223359108,0.004243343602865934,0.9900832176208496
id_pn7y6g0hjp.jpg,0.003150694537907839,0.03006533533334732,0.9667840003967285
id_pntkpy57se.jpg,0.0011661866446956992,0.775088906288147,0.22374491393566132
id_pp24w882ur.jpg,0.00019473143038339913,0.004701920319348574,0.9951032400131226
id_ppdr0gmt9d.jpg,0.0014089645119383931,0.5052080750465393,0.49338293075561523
id_pqj40ezo84.jpg,0.0026203105226159096,0.22731205821037292,0.7700676321983337
id_psaye5bbmy.jpg,0.00039182568434625864,0.9962654709815979,0.0033427055459469557
id_puhujcukah.jpg,0.0007225258741527796,0.020040441304445267,0.9792370796203613
id_pwgy33mr4b.jpg,0.0026602824218571186,0.18923494219779968,0.8081048130989075
id_pwn5e9e1p7.jpg,0.002591303549706936,0.060481663793325424,0.9369269609451294
id_pwpzosfvbm.jpg,0.00018749501032289118,0.9975503087043762,0.0022621769458055496
id_px5m0awyjx.jpg,0.00039369097794406116,0.0013580454979091883,0.9982483386993408
id_pyhcdjz8o8.jpg,0.0026871925219893456,0.05826760083436966,0.9390451908111572
id_pyjq5r512g.jpg,0.0007420731708407402,6.436044350266457e-05,0.9991936087608337
id_pzrm28n2bq.jpg,0.0006753130001015961,0.0005577579140663147,0.9987668991088867
id_q1rjf8ygj8.jpg,0.00028539070626720786,0.002526582684367895,0.9971880316734314
id_q2517ryv7t.jpg,0.00031164332176558673,0.9961432814598083,0.003545115003362298
id_q32ayk5adl.jpg,0.0005226930370554328,0.011990658938884735,0.9874866008758545
id_q3wdq35cv5.jpg,0.0010822918266057968,0.03144853189587593,0.9674692153930664
id_q6g4z619ff.jpg,0.0009957626461982727,0.013941452838480473,0.9850627183914185
id_q7dsadfkfp.jpg,0.002206779085099697,0.40711528062820435,0.5906779170036316
id_q8b3e1az0w.jpg,0.000750770908780396,0.010955827310681343,0.9882932901382446
id_qalbod24ns.jpg,0.0031171541195362806,0.249993696808815,0.7468891739845276
id_qbwv3fl351.jpg,0.00021723457030020654,0.9957303404808044,0.004052360076457262
id_qcbd33fhkd.jpg,0.0009687957353889942,0.0010221680859103799,0.9980090260505676
id_qdw44akx59.jpg,0.0005122669390402734,0.9282868504524231,0.07120086997747421
id_qdylk3rwsi.jpg,0.0009715436608530581,0.009094416163861752,0.9899340271949768
id_qdzqcr85sb.jpg,0.0010866972152143717,0.12827785313129425,0.8706355094909668
id_qetwm61xjq.jpg,0.002247249474748969,0.6525976061820984,0.34515511989593506
id_qh7mb43ea4.jpg,0.0012813983485102654,0.7166039347648621,0.2821146547794342
id_qhwsn5sjky.jpg,0.0021487458143383265,0.5630189776420593,0.43483221530914307
id_qjvehdunvp.jpg,0.001144169713370502,0.16987016797065735,0.8289856910705566
id_qm0yihlx8r.jpg,0.001822923542931676,0.007284854538738728,0.9908922910690308
id_qmoz3pj1ki.jpg,0.0011144320014864206,0.8403639793395996,0.1585216373205185
id_qo5q3bzxum.jpg,0.002215281594544649,0.015005880035459995,0.9827788472175598
id_qp60rugwpz.jpg,0.0012472387170419097,0.007684546522796154,0.9910681843757629
id_qphv1wsryg.jpg,0.0012835125671699643,0.47945743799209595,0.5192590355873108
id_qqtf2q8hqu.jpg,0.0016556225018575788,0.1722695678472519,0.8260748386383057
id_qspez4tmne.jpg,0.0011107281316071749,0.03576767444610596,0.9631215929985046
id_quhj73jw7i.jpg,0.0019920708145946264,0.7446722388267517,0.25333571434020996
id_qv31emc1k3.jpg,0.0007964288233779371,0.009290538728237152,0.9899129867553711
id_qw8eivp436.jpg,0.0006439019343815744,0.02844724804162979,0.9709088802337646
id_qx0p7xr36g.jpg,0.0012909850338473916,0.009054340422153473,0.9896546602249146
id_qy87hrslg6.jpg,0.0017158547416329384,0.0013386437203735113,0.9969454407691956
id_r0gcaflg0r.jpg,0.00031992746517062187,0.00022129110584501177,0.9994588494300842
id_r0oxjlww33.jpg,0.0008343280060216784,0.07631562650203705,0.9228500127792358
id_r1c568gyb7.jpg,0.0011956461239606142,0.07494452595710754,0.9238598942756653
id_r2qh78jyob.jpg,0.0004993632901459932,0.007705628406256437,0.991795003414154
id_r50fyfnzqh.jpg,0.00326413381844759,0.4943351149559021,0.5024007558822632
id_r5s3cn4iuq.jpg,0.0006565747899003327,0.020367030054330826,0.9789764285087585
id_r84o75bud7.jpg,0.0005501132109202445,0.02258897013962269,0.9768610000610352
id_rb445eugon.jpg,0.0011181043228134513,0.0014915202045813203,0.9973903298377991
id_rcx2w5a6g9.jpg,0.0003852832887787372,0.9929786324501038,0.006636142730712891
id_reekwcctmj.jpg,0.0024990523234009743,0.12057339400053024,0.8769274950027466
id_rfy3r8jhtk.jpg,0.0011108366306871176,0.0008464902639389038,0.9980425834655762
id_rgl13ss505.jpg,0.003599834395572543,0.565682053565979,0.43071815371513367
id_rh42otmp8x.jpg,0.0021652651485055685,0.009016016498208046,0.9888187050819397
id_rhwaelt77b.jpg,0.0017479781527072191,0.9687444567680359,0.029507527127861977
id_rhxyv62mdq.jpg,0.0017373500159010291,0.08797501772642136,0.9102877378463745
id_rj02n63kp6.jpg,0.001782493549399078,0.2905934751033783,0.7076240181922913
id_rj4wx2zzhp.jpg,0.0031566102989017963,0.57376629114151,0.4230770766735077
id_rjb0m0kzrs.jpg,0.0030376240611076355,0.23496313393115997,0.7619993090629578
id_rlmqwptg69.jpg,0.00014922105765435845,0.0045168292708694935,0.9953338503837585
id_rlp1zc40tf.jpg,0.0019733519293367863,0.808347761631012,0.18967889249324799
id_rlryrjw5qt.jpg,0.0005695602158084512,0.02921067178249359,0.9702198505401611
id_rnwysctm75.jpg,0.0018204390071332455,0.04676148295402527,0.9514180421829224
id_rqd5qo1lpz.jpg,0.00146565493196249,0.0026282307226210833,0.9959061145782471
id_rr09z2xvu4.jpg,0.0011972881620749831,0.11091963946819305,0.8878830671310425
id_rr8c6flpv1.jpg,0.0018932255916297436,0.1268906593322754,0.8712161183357239
id_rrbk30r6kh.jpg,0.001277672010473907,0.041653621941804886,0.9570686221122742
id_rsgpp32hk6.jpg,0.00018906834884546697,0.9962061643600464,0.003604771103709936
id_rswpjbk5ea.jpg,0.0017474362393841147,0.04588276147842407,0.952369749546051
id_rycjvmjn4k.jpg,0.0007804563501849771,0.0011919080279767513,0.9980276226997375
id_rykyhtg5c3.jpg,0.001608368125744164,0.0007377275614999235,0.9976539015769958
id_rzwjplxtyh.jpg,0.0003784761647693813,0.9856612682342529,0.013960270211100578
id_s0wikiu8hn.jpg,0.0018968679942190647,0.05643754079937935,0.941665530204773
id_s1av7tc3vw.jpg,0.001845702645368874,0.47295939922332764,0.5251948833465576
id_s1ddf6gcj2.jpg,0.0004045407404191792,0.006459720898419619,0.9931356906890869
id_s4sboy3ozh.jpg,0.0027875113300979137,0.0020806067623198032,0.9951318502426147
id_s7wudr4fcb.jpg,0.0004838185850530863,0.0023046217393130064,0.9972115159034729
id_s8tnbtoqjb.jpg,0.0002284190122736618,0.003894376801326871,0.9958771467208862
id_s8vc8sbsz5.jpg,0.0016906334785744548,0.2715328335762024,0.7267764806747437
id_s8zflbhuvf.jpg,0.0007119366200640798,0.924339771270752,0.0749482735991478
id_s9ewsbgwuh.jpg,0.0022855265997350216,0.27848392724990845,0.7192304730415344
id_s9fqnvn2m4.jpg,0.0006969806854613125,0.023713959380984306,0.9755890369415283
id_s9udrx90dy.jpg,0.0012152486015111208,0.03427484259009361,0.964509904384613
id_sa5m7o3raa.jpg,0.00020296259026508778,0.9957149624824524,0.004081996623426676
id_sbwyxqj41t.jpg,0.00022356906265486032,0.0032873228192329407,0.9964891672134399
id_sd3gb6ksxl.jpg,0.0006385266897268593,0.0015839531552046537,0.99777752161026
id_sdbv9gvvrf.jpg,0.0014707596274092793,0.47669169306755066,0.5218375325202942
id_se3unvvegw.jpg,0.0007008023676462471,0.0005296263843774796,0.9987695813179016
id_sec433h1se.jpg,0.0017632091185078025,0.28680574893951416,0.7114310264587402
id_sfr6b6w9ys.jpg,0.0020771618001163006,0.13900086283683777,0.8589220643043518
id_sfswc1ko1g.jpg,0.00046184653183445334,0.007070360705256462,0.9924677014350891
id_sj80vdw1bu.jpg,0.004256262909621,0.08350525796413422,0.9122384190559387
id_sjbllalhq7.jpg,0.000760219874791801,0.9348568320274353,0.06438294798135757
id_snoz9zpjyt.jpg,0.003443691413849592,0.07770242542028427,0.9188538193702698
id_snuttkxu9g.jpg,0.0015471422811970115,0.010743382386863232,0.9877095222473145
id_sogq5cgbut.jpg,0.002429395215585828,0.050967924296855927,0.9466026425361633
id_soncg0jffg.jpg,0.0008092905045486987,0.02454192377626896,0.9746488928794861
id_spsdfjdex9.jpg,0.0005815215990878642,0.0005830926820635796,0.9988353848457336
id_sqnzvsbune.jpg,0.0009691822924651206,0.004221949726343155,0.9948087930679321
id_ssg6xiptba.jpg,0.0011873486218973994,0.1706094890832901,0.8282032608985901
id_ste0oewz55.jpg,0.0014041040558367968,0.4972282946109772,0.5013676285743713
id_sthbo5zefn.jpg,0.0007850694819353521,0.9398378133773804,0.05937715992331505
id_stwwzttsfk.jpg,0.00036252307472750545,0.9873754978179932,0.01226198673248291
id_suwetdb7vd.jpg,0.001544394763186574,0.07044962048530579,0.9280059933662415
id_swfnvjpg9v.jpg,0.00045518833212554455,0.9783048629760742,0.021239975467324257
id_szhbo0igbe.jpg,0.0003623902448453009,0.9918628931045532,0.007774703204631805
id_szljg89lq9.jpg,0.0008730070549063385,0.00042332091834396124,0.9987035989761353
id_t19dc030qz.jpg,0.00260366452857852,0.7607622146606445,0.23663409054279327
id_t37u1133mm.jpg,0.0019736792892217636,0.01941797137260437,0.9786084294319153
id_t3ejwleejy.jpg,0.0011132674990221858,0.983169436454773,0.015717295929789543
id_t6s3igq9fc.jpg,7.589824963361025e-05,0.9986728429794312,0.0012512635439634323
id_t7nfloqibb.jpg,0.0002846518182195723,0.0023850565776228905,0.9973303079605103
id_t8bkohpg52.jpg,0.00024211638083215803,0.9972816705703735,0.0024762009270489216
id_tbra58cfuq.jpg,0.0001944247051142156,9.369873441755772e-05,0.9997119307518005
id_tcyupvg1y4.jpg,0.0014713823329657316,0.041556525975465775,0.9569721221923828
id_tdnddlz0tm.jpg,0.002336775418370962,0.7451022267341614,0.25256097316741943
id_tdxkzfymw1.jpg,0.0005628725048154593,0.03762480616569519,0.9618123769760132
id_tdzc8ybddv.jpg,0.001634396961890161,0.04803440347313881,0.9503312110900879
id_tf63upea5a.jpg,0.0009367250022478402,0.00269136019051075,0.9963719844818115
id_tfkf8byes4.jpg,0.0013569291913881898,0.3089260458946228,0.6897169947624207
id_tghs8neuez.jpg,0.0034532153513282537,0.31651100516319275,0.6800358295440674
id_tgp7vxu3a8.jpg,0.0004965054104104638,0.9757653474807739,0.023738129064440727
id_tgy35ev719.jpg,0.0010196204530075192,0.008208385668694973,0.990772008895874
id_thxs2qqpqg.jpg,0.00023392023285850883,0.002661601174622774,0.9971044659614563
id_tilxme6mos.jpg,0.0006848708144389093,0.00042422968544997275,0.9988909363746643
id_tk5oepc6vw.jpg,0.004025547299534082,0.4673144817352295,0.5286599397659302
id_tmn0kr41se.jpg,0.0027631924021989107,0.12311998754739761,0.8741168975830078
id_tnpvn0t60n.jpg,0.0018198741599917412,0.6232656836509705,0.3749144673347473
id_toiig8o6nt.jpg,0.0003863618185278028,0.01460699550807476,0.9850066304206848
id_top4rdz7ty.jpg,0.0005437431973405182,0.005122991278767586,0.9943332672119141
id_tpxmv75riv.jpg,0.001895059715025127,0.2446015477180481,0.7535033822059631
id_tqrg299dxv.jpg,0.000824815477244556,0.07612965255975723,0.9230455160140991
id_trwdowxes3.jpg,0.0011299436446279287,0.1869637817144394,0.8119062185287476
id_tsfwbky6s3.jpg,0.001116685918532312,0.01322006806731224,0.9856632351875305
id_tt9qlvvcji.jpg,0.0017205291660502553,0.17272259294986725,0.8255568146705627
id_ttp4tztiek.jpg,0.0020941649563610554,0.0366593673825264,0.9612464904785156
id_ttp67r9gl6.jpg,0.002925172448158264,0.1613979935646057,0.8356768488883972
id_tuwlieph08.jpg,0.000622688967268914,0.0027575334534049034,0.9966198205947876
id_tv168ghvxd.jpg,0.0037423470057547092,0.0035713487304747105,0.99268639087677
id_tvd1vr9c6c.jpg,5.782040534541011e-05,0.9997267127037048,0.00021540636953432113
id_tzgwvdjh8y.jpg,0.0002169785147998482,0.006640444975346327,0.9931424856185913
id_u0ubc6531p.jpg,0.0018084131879732013,0.8086193799972534,0.18957220017910004
id_u18q7ctpk3.jpg,0.0006729104206897318,0.0040376801043748856,0.9952894449234009
id_u3ato7u1z2.jpg,0.0028677855152636766,0.32132285833358765,0.675809383392334
id_u3nu82b2w0.jpg,0.0017871437594294548,0.061866339296102524,0.9363464713096619
id_u6g8xhcq4v.jpg,0.0012361770495772362,0.0010411173570901155,0.9977228045463562
id_u822p5sq8b.jpg,0.0015353733906522393,0.6209897994995117,0.3774748146533966
id_ua9fx7k3g7.jpg,0.0008172372472472489,0.00297373766079545,0.9962090253829956
id_uddlkgvn23.jpg,0.001333356834948063,0.18368549644947052,0.81498122215271
id_ue490hfcyv.jpg,0.0018615012522786856,0.06431147456169128,0.9338269829750061
id_ueo95s7inb.jpg,0.002015460282564163,0.4168669581413269,0.581117570400238
id_ufcorwsgqd.jpg,0.003158017760142684,0.4840504825115204,0.5127915143966675
id_ui6swc82vn.jpg,0.001418149215169251,0.28281429409980774,0.7157676219940186
id_ujskwrw6bg.jpg,0.0020877381321042776,0.10841015726327896,0.8895021080970764
id_ukl71eqd1n.jpg,0.001092953491024673,0.06606573611497879,0.932841420173645
id_ukub3q9emc.jpg,0.0021577400621026754,0.020884349942207336,0.9769579172134399
id_ulyj9e7m79.jpg,0.0006246201228350401,0.9486469626426697,0.05072840303182602
id_ulzk4p835t.jpg,0.0036704442463815212,0.1256272792816162,0.8707022666931152
id_uompu9rj03.jpg,0.0010942250955849886,0.032853346318006516,0.9660524129867554
id_uq1acn82ek.jpg,0.002450901083648205,0.13159531354904175,0.865953803062439
id_urk774ut2a.jpg,0.0015028490452095866,0.055242445319890976,0.9432547688484192
id_uutzgouzed.jpg,0.0007767140050418675,0.004203173331916332,0.9950201511383057
id_uwg9j6d6u5.jpg,0.0019777582492679358,0.8941856026649475,0.10383670032024384
id_uxutpxc599.jpg,0.0008695113938301802,0.07115534693002701,0.9279751777648926
id_uxvq5xwulb.jpg,0.0017058314988389611,0.6898587346076965,0.30843544006347656
id_uy2i5sgmo1.jpg,0.0011557734105736017,0.8171892166137695,0.18165506422519684
id_v016283wjn.jpg,0.0009383973083458841,0.003428828902542591,0.9956328272819519
id_v1hlmorp50.jpg,0.0018732037860900164,0.3031943142414093,0.6949324607849121
id_v2at6dlgst.jpg,0.0001323436008533463,0.9984409213066101,0.001426701433956623
id_v3gknb05v8.jpg,0.0013892878778278828,0.014056243002414703,0.9845544695854187
id_v3rklm0vbg.jpg,0.0014170072972774506,0.015725649893283844,0.982857346534729
id_v7nbqrhggw.jpg,0.002239145338535309,0.6827018857002258,0.31505900621414185
id_v8grwbidcc.jpg,0.0026353688444942236,0.07017291337251663,0.9271917343139648
id_v919v66exa.jpg,0.002922146813943982,0.17512018978595734,0.8219577074050903
id_v93k3mjxfz.jpg,0.0009684713440947235,0.00447213975712657,0.9945593476295471
id_vautp73pum.jpg,0.0021583905909210443,0.2852848470211029,0.7125567197799683
id_vawh0j78pi.jpg,0.0009346592705696821,0.9348790645599365,0.06418628245592117
id_venjjlvsdb.jpg,0.0015828987816348672,0.18782997131347656,0.8105871677398682
id_vilw006woa.jpg,0.0019014201825484633,0.030749361962080002,0.9673491716384888
id_vk3bsqnian.jpg,0.0022024100180715322,0.00012365425936877728,0.9976739287376404
id_vm95trmrym.jpg,0.002804778516292572,0.001751743140630424,0.9954434633255005
id_vnp8h2ahwz.jpg,0.0019086017273366451,0.0675240233540535,0.9305673837661743
id_vnr96k4otc.jpg,0.001480801380239427,0.0003512368130031973,0.998167872428894
id_vqkscphy17.jpg,0.003121053334325552,0.1717645525932312,0.8251144886016846
id_vs50x01pnn.jpg,0.0016206469153985381,0.08018216490745544,0.9181971549987793
id_vtclbp2q6p.jpg,0.0014800226781517267,0.6057234406471252,0.3927965760231018
id_vud88to52u.jpg,0.0017932895570993423,0.06623120605945587,0.9319754838943481
id_vunngzaao0.jpg,0.0007856734446249902,0.0017534162616357207,0.9974609613418579
id_vwi9qf83z5.jpg,0.0005748365074396133,0.0020824172534048557,0.9973427653312683
id_vybvadxbeg.jpg,0.0011617816053330898,0.031027967110276222,0.9678102731704712
id_vyimjd8ozt.jpg,0.0011334504233673215,0.14983023703098297,0.8490362167358398
id_w0qxihth93.jpg,0.003288531443104148,0.7702727317810059,0.2264387607574463
id_w0yjhohz11.jpg,0.0006482775788754225,0.0415504090487957,0.957801342010498
id_w1ej4cs5x4.jpg,0.00031024619238451123,0.2066890001296997,0.7930007576942444
id_w2504mxdan.jpg,0.0008312992285937071,0.010017523542046547,0.989151120185852
id_w2yvcm69k8.jpg,0.00024019578995648772,0.9952389001846313,0.004520886577665806
id_w3jdvmb9ng.jpg,0.0026966501027345657,0.3745090663433075,0.6227942705154419
id_w3xc9815j2.jpg,0.001954662147909403,0.00010267935431329533,0.9979426264762878
id_w5bhneyqo7.jpg,0.0030994187109172344,0.7571348547935486,0.2397657185792923
id_w6jwojzr9v.jpg,0.002355120377615094,0.0793636217713356,0.9182813167572021
id_w763tns6e6.jpg,0.001155418111011386,0.6374265551567078,0.3614180386066437
id_w86ku2lcm4.jpg,0.000572432589251548,0.00479931803420186,0.9946282505989075
id_w8p5399l7w.jpg,0.0011681301984936,0.0022556122858077288,0.9965762495994568
id_w99do194z1.jpg,0.0032444922253489494,0.35991522669792175,0.636840283870697
id_w9fm3x1my6.jpg,0.0011490002507343888,0.9256598353385925,0.07319118082523346
id_w9yf7sq9e9.jpg,0.0019995723851025105,0.09879456460475922,0.8992058634757996
id_wa5en4qhoh.jpg,0.001969218021258712,0.6766383051872253,0.3213924467563629
id_wb1cl3irf7.jpg,0.0021661671344190836,0.05606776103377342,0.941766083240509
id_we9o2buksi.jpg,0.0006623450899496675,0.000349181005731225,0.9989884495735168
id_wfa94ie2du.jpg,0.00016573809261899441,0.0022316179238259792,0.997602641582489
id_wgak7atnj8.jpg,0.0010112904710695148,0.03069305792450905,0.968295693397522
id_wgv3zrcwav.jpg,0.0019611413590610027,0.23653903603553772,0.76149982213974
id_whbk4vq0xf.jpg,0.0015310150338336825,0.5726851224899292,0.42578384280204773
id_whhw9gbfeb.jpg,0.002036881633102894,0.36936336755752563,0.6285997033119202
id_wi9dejk0b9.jpg,0.0006689089932478964,0.0007248211186379194,0.998606264591217
id_wlgd8c7s3z.jpg,0.0018108640797436237,0.015747755765914917,0.9824413657188416
id_wmx7rlrxg0.jpg,0.0014242876786738634,0.02181432954967022,0.9767613410949707
id_wn1325oc1y.jpg,0.001288680825382471,0.9628886580467224,0.03582262247800827
id_wnlql3t1c1.jpg,0.000967583735473454,0.02617771178483963,0.972854733467102
id_wq18wcp81e.jpg,0.0009926300263032317,0.0006996914162300527,0.9983077049255371
id_wquw3q3p2z.jpg,0.0012086775386705995,0.07500872015953064,0.9237825870513916
id_wqwoxsohdv.jpg,0.002389314118772745,0.06488263607025146,0.9327280521392822
id_wrukk3s51z.jpg,0.0023926489520817995,0.49029216170310974,0.5073152184486389
id_wrw6kgxh4a.jpg,0.0004485060926526785,0.9697040319442749,0.029847435653209686
id_wsh7t9dxnf.jpg,0.00019563532259780914,0.009499960578978062,0.9903044104576111
id_wu6jtop7y1.jpg,0.003488541580736637,0.45042312145233154,0.5460883378982544
id_wvb9f6jqxp.jpg,0.0009296702337451279,0.03708953410387039,0.9619807600975037
id_wwo1nsomhj.jpg,0.0006710524903610349,0.004238464869558811,0.9950904846191406
id_wwtgdf0p1l.jpg,0.0009637880721129477,0.019262289628386497,0.9797739386558533
id_wxo66wf3gm.jpg,0.00074132060399279,0.0028089620172977448,0.9964497089385986
id_wyunn3afu3.jpg,0.0010673720389604568,0.9287406802177429,0.07019195705652237
id_wywe3z64s3.jpg,0.0009145790245383978,0.024109700694680214,0.9749757051467896
id_wz36qs2v2y.jpg,0.0016852326225489378,0.07654112577438354,0.9217736721038818
id_wz8mbn9sng.jpg,0.0005846701096743345,0.01775353215634823,0.9816617369651794
id_x001eogutw.jpg,0.0016554980538785458,0.013511748984456062,0.9848328232765198
id_x0nnigif79.jpg,0.002436833456158638,0.8117911219596863,0.18577207624912262
id_x68mjo4xbl.jpg,0.00018234718299936503,0.9950646758079529,0.004752999637275934
id_x791d7hjde.jpg,0.0015742630930617452,0.0034091605339199305,0.9950166344642639
id_x8841bs8mo.jpg,0.0016330828657373786,0.040772587060928345,0.9575943350791931
id_x8c5blrien.jpg,0.0005665123462677002,0.0022870872635394335,0.9971464276313782
id_x92bjv4m7a.jpg,0.00046236597700044513,0.0008813581080175936,0.9986562728881836
id_x9fw0j3iqa.jpg,0.0023488185834139585,0.36359772086143494,0.6340534687042236
id_xajwlvf7tw.jpg,0.0031518698669970036,0.02400278113782406,0.9728453159332275
id_xal0mklwc3.jpg,0.0023629844654351473,0.11636734008789062,0.881269633769989
id_xb7bivle83.jpg,0.00029045258997939527,0.9897961020469666,0.009913438931107521
id_xbi5xa8pl7.jpg,0.00048134190728887916,0.01115813571959734,0.9883605241775513
id_xbpu7rwpog.jpg,0.0010460669873282313,0.004367792047560215,0.9945861101150513
id_xedjynm8sh.jpg,0.0025759204290807247,0.7210307121276855,0.27639341354370117
id_xeu58snvje.jpg,0.001111730933189392,0.00025351534713990986,0.9986346364021301
id_xg82bhcs72.jpg,0.0013953071320429444,0.1360623836517334,0.8625423312187195
id_xgqkcc5npp.jpg,0.0005954209482297301,0.03722963109612465,0.9621749520301819
id_xi7r0lr3vt.jpg,0.0022738310508430004,0.2543333172798157,0.7433929443359375
id_xiv6fmv4wm.jpg,0.000525131996255368,0.002031328622251749,0.9974435567855835
id_xj1s29redt.jpg,0.0010055290767922997,0.03813686966896057,0.9608575105667114
id_xjbzes2q7b.jpg,0.00525610102340579,0.007479835767298937,0.9872640371322632
id_xl5adfkuw2.jpg,0.0010705513413995504,0.10941436141729355,0.8895151019096375
id_xq8xbgid55.jpg,0.0025383844040334225,0.44442105293273926,0.5530405640602112
id_xr40o03eho.jpg,0.0013425465440377593,0.7606871724128723,0.2379702627658844
id_xr9avpzwjz.jpg,0.0009646633989177644,0.08428996801376343,0.9147454500198364
id_xrer1k8ota.jpg,0.0032979960087686777,0.14154262840747833,0.8551594614982605
id_xs96ksjv7k.jpg,0.0008137078839354217,0.9757137298583984,0.023472562432289124
id_xsaeioml0k.jpg,0.0009004888706840575,0.0949503481388092,0.9041491150856018
id_xsdosw4f63.jpg,0.001329747261479497,0.02659967914223671,0.9720706343650818
id_xuhsdgid5q.jpg,0.0013757154811173677,0.08102169632911682,0.9176025986671448
id_xuygfg2sp3.jpg,0.0013610967434942722,0.016547871753573418,0.9820910096168518
id_xy6orpo8zf.jpg,0.001823842409066856,0.07560426741838455,0.9225718379020691
id_y1o2x9smtx.jpg,0.0012517403811216354,0.0005957478424534202,0.9981524348258972
id_y25rtqtb7t.jpg,0.0005314410664141178,0.01057896576821804,0.9888895750045776
id_y4yz1jk5r1.jpg,0.0036252483259886503,0.004372487775981426,0.9920022487640381
id_y56i8gbqm7.jpg,0.0007745997863821685,0.028791069984436035,0.970434308052063
id_y5ukefbcps.jpg,0.0009730660240165889,0.007108018733561039,0.9919189810752869
id_y75fvp3yr1.jpg,0.0005735575105063617,0.023707913234829903,0.9757184982299805
id_y7mqirxdv8.jpg,0.0033450305927544832,0.005899564828723669,0.9907553791999817
id_y82ho9id89.jpg,0.0026936924550682306,0.0027330946177244186,0.994573175907135
id_y8rq551j3m.jpg,0.002440566662698984,0.7815819382667542,0.2159775346517563
id_yc5lf1k1ns.jpg,0.00022192038886714727,0.0026379686314612627,0.9971401691436768
id_yciny6gykn.jpg,0.000946953659877181,0.021959101781249046,0.9770938754081726
id_yfbqkw1ymg.jpg,0.0020299633033573627,0.027442680671811104,0.9705272912979126
id_yfppsjq33j.jpg,0.0007596607320010662,0.004498385824263096,0.9947419166564941
id_yhji67eb9c.jpg,0.0009065594640560448,0.9757983684539795,0.023295043036341667
id_yies2kffo9.jpg,0.0012216271134093404,0.06278152018785477,0.9359968900680542
id_yijkuvg4c6.jpg,0.00286999624222517,0.3231755495071411,0.6739544868469238
id_yjme0wt3ne.jpg,0.004253847058862448,0.44742509722709656,0.5483211278915405
id_ykwjcm7qqr.jpg,0.0004075961478520185,0.053516075015068054,0.9460763335227966
id_yl7mb6baap.jpg,0.0014190379297360778,0.020775506272912025,0.977805495262146
id_yl85vi7fal.jpg,0.00040148632251657546,0.9913649559020996,0.00823359377682209
id_ym9mzaewzx.jpg,0.001032364903949201,0.004957703407853842,0.9940099716186523
id_ymd931nw1w.jpg,8.574726962251589e-05,0.9989789724349976,0.0009352547931484878
id_yny73gm4c4.jpg,0.0016512508736923337,0.324337363243103,0.6740113496780396
id_yo4h7crinn.jpg,0.001775595243088901,0.9595345258712769,0.038689807057380676
id_ys8pl8iwuj.jpg,0.0035197981633245945,0.11914204806089401,0.8773382306098938
id_ysjhxc0kpv.jpg,0.0010634873760864139,0.03350953385233879,0.9654269218444824
id_ytwkt162q6.jpg,0.0010268515907227993,0.9675599336624146,0.031413253396749496
id_yuo2xlbzs9.jpg,0.0014631985686719418,0.0053017884492874146,0.9932349324226379
id_yz8m2zc7mn.jpg,0.0013720039278268814,0.07942461967468262,0.9192034006118774
id_z0di3urhd3.jpg,0.002551510464400053,0.05887584015727043,0.9385727047920227
id_z405c8vwbs.jpg,0.001202968298457563,0.032502807676792145,0.9662942290306091
id_z4ra6bl1u5.jpg,0.0018349247984588146,0.03663550317287445,0.961529552936554
id_z9o3yg7icv.jpg,0.0009034296381287277,0.038444675505161285,0.9606518745422363
id_z9vpagzd8d.jpg,0.0035885011311620474,0.013601320795714855,0.9828101396560669
id_ze7kusje5k.jpg,0.0006864078459329903,0.0005712604615837336,0.998742401599884
id_zezswf7mgc.jpg,0.00011615072435233742,0.9980719089508057,0.0018119316082447767
id_zf23xyc4tp.jpg,0.0013559655053541064,0.008849922567605972,0.989794135093689
id_zirhmvpnxr.jpg,0.0026626703329384327,0.7663471698760986,0.23099011182785034
id_zjttmksblf.jpg,0.0005359579809010029,0.9849183559417725,0.014545616693794727
id_zlht6gd0y2.jpg,0.002978871576488018,0.04241929575800896,0.9546017646789551
id_zll75i7pth.jpg,0.0009959146846085787,0.9068586230278015,0.09214549511671066
id_zot2kkt61p.jpg,0.0014981309650465846,0.9100244641304016,0.08847744762897491
id_zppfrdno2o.jpg,0.0009806103771552444,0.13178475201129913,0.8672346472740173
id_zqw38plmbv.jpg,0.0013890871778130531,0.040899597108364105,0.9577113389968872
id_zrdlgjrq3r.jpg,0.001536717638373375,0.49474090337753296,0.5037224292755127
id_zsfayxwipp.jpg,0.0036797700449824333,0.5619322657585144,0.4343879818916321
id_ztvp2l9k3h.jpg,0.0011448023142293096,0.8746699690818787,0.1241852343082428
id_zwwcma7hlt.jpg,0.0027183520141988993,0.00024153866979759187,0.9970400929450989
id_zyo7m4fj8h.jpg,0.0016129572177305818,0.013707985170185566,0.9846790432929993
